guestFrontFreeKicks,guestInitAttackRate,guestFreekiscks,guestCorners,guestPassesSuccRate,guestPass,guestShots,guestGoals,half,homeFreekiscks,guestShotsOnTarget,homePassesSuccRate,homeFrontFreeKicks,homePass,homeInitAttackRate,homeGoals,homePenalties,homeShots,homeCorners,guestPenalties,homePossAve,matchHalf,matchId,guestPossAve,homeShotsOnTarget,l_team,r_team
6,0.376,17,3,0.471,225,8,0,0,20,3,0.52,11,271,0.624,2,1,20,3,0,0.53,0,16512,0.47,5,广东华南虎,新疆雪豹纳欢
1,0.306,7,1,0.45,109,3,0,1,10,1,0.542,4,144,0.694,1,1,11,2,0,0.548,0,16512,0.452,3,广东华南虎,新疆雪豹纳欢
5,0.463,10,2,0.491,116,5,0,2,10,2,0.496,7,127,0.537,1,0,9,1,0,0.51,0,16512,0.49,2,广东华南虎,新疆雪豹纳欢
6,0.516,23,6,0.723,364,20,4,0,21,9,0.671,9,301,0.484,1,0,8,4,0,0.476,0,16515,0.524,3,上海申鑫,长春亚泰
2,0.527,11,4,0.718,188,12,1,1,13,5,0.627,6,126,0.473,1,0,5,2,0,0.463,0,16515,0.537,2,上海申鑫,长春亚泰
4,0.506,12,2,0.727,176,8,3,2,8,4,0.703,3,175,0.494,0,0,3,2,0,0.488,0,16515,0.512,1,上海申鑫,长春亚泰
6,0.463,15,6,0.672,244,12,0,0,15,4,0.743,11,331,0.537,1,0,7,7,0,0.53,0,16517,0.47,4,四川FC,呼和浩特
3,0.479,9,2,0.658,111,5,0,1,11,2,0.773,7,181,0.521,0,0,2,0,0,0.575,0,16517,0.425,0,四川FC,呼和浩特
3,0.453,6,4,0.684,133,7,0,2,4,2,0.707,4,150,0.547,1,0,5,7,0,0.49,0,16517,0.51,4,四川FC,呼和浩特
8,0.632,18,6,0.75,368,11,1,0,14,6,0.657,8,268,0.368,0,1,6,0,0,0.423,0,16511,0.577,1,陕西大秦之水,黑龙江FC
4,0.616,10,2,0.77,204,6,0,1,10,1,0.686,6,140,0.384,0,0,3,0,0,0.444,0,16511,0.556,0,陕西大秦之水,黑龙江FC
4,0.645,8,4,0.726,164,5,1,2,4,5,0.625,2,128,0.355,0,1,3,0,0,0.403,0,16511,0.597,1,陕西大秦之水,黑龙江FC
7,0.527,21,1,0.668,328,5,0,0,18,2,0.528,7,254,0.473,0,0,14,7,0,0.459,0,16513,0.541,1,贵州恒丰,辽宁沈阳宏运
7,0.526,14,1,0.699,176,3,0,1,8,1,0.491,3,114,0.474,0,0,6,3,0,0.452,0,16513,0.548,1,贵州恒丰,辽宁沈阳宏运
0,0.527,7,0,0.632,152,2,0,2,10,1,0.557,4,140,0.473,0,0,8,4,0,0.465,0,16513,0.535,0,贵州恒丰,辽宁沈阳宏运
8,0.669,11,14,0.769,471,13,0,0,13,2,0.657,4,242,0.331,1,0,2,3,0,0.372,0,16514,0.628,1,梅州客家,北京北体大
6,0.557,7,3,0.775,204,4,0,1,5,1,0.706,3,136,0.443,0,0,1,3,0,0.411,0,16514,0.589,0,梅州客家,北京北体大
2,0.755,4,11,0.764,267,9,0,2,8,1,0.594,1,106,0.245,1,0,1,0,0,0.333,0,16514,0.667,1,梅州客家,北京北体大
7,0.54,21,1,0.763,379,7,2,0,16,3,0.773,5,431,0.46,1,0,11,6,0,0.528,0,16518,0.472,4,浙江绿城,青岛黄海
5,0.463,12,0,0.73,174,4,1,1,5,2,0.788,1,236,0.537,1,0,7,4,0,0.55,0,16518,0.45,3,浙江绿城,青岛黄海
2,0.612,9,1,0.79,205,3,1,2,11,1,0.754,4,195,0.388,0,0,4,2,0,0.505,0,16518,0.495,1,浙江绿城,青岛黄海
7,0.498,18,7,0.794,403,13,1,0,15,7,0.798,2,460,0.502,2,0,6,5,0,0.508,0,16516,0.492,3,石家庄永昌,南通支云
2,0.429,10,4,0.801,181,7,0,1,7,3,0.781,1,247,0.571,1,0,2,2,0,0.542,0,16516,0.458,1,石家庄永昌,南通支云
5,0.557,8,3,0.788,222,6,1,2,8,4,0.817,1,213,0.443,1,0,4,3,0,0.474,0,16516,0.526,2,石家庄永昌,南通支云
9,0.631,21,3,0.779,417,11,0,0,16,3,0.717,5,272,0.369,3,0,10,5,0,0.449,0,16519,0.551,6,陕西大秦之水,青岛黄海
4,0.598,10,3,0.783,203,6,0,1,9,1,0.799,3,169,0.402,1,0,5,2,0,0.469,0,16519,0.531,1,陕西大秦之水,青岛黄海
5,0.662,11,0,0.776,214,5,0,2,7,2,0.583,2,103,0.338,2,0,5,3,0,0.428,0,16519,0.572,5,陕西大秦之水,青岛黄海
5,0.578,15,1,0.799,427,7,0,0,22,1,0.758,8,322,0.422,4,0,8,6,0,0.449,0,16521,0.551,6,梅州客家,新疆雪豹纳欢
2,0.372,5,0,0.768,151,1,0,1,13,1,0.767,7,193,0.628,1,0,2,4,0,0.546,0,16521,0.454,2,梅州客家,新疆雪豹纳欢
3,0.729,10,1,0.815,276,6,0,2,9,0,0.744,1,129,0.271,3,0,6,2,0,0.365,0,16521,0.635,4,梅州客家,新疆雪豹纳欢
5,0.564,19,3,0.624,287,9,1,0,22,3,0.55,10,240,0.436,2,0,10,6,0,0.477,0,16526,0.523,6,贵州恒丰,长春亚泰
2,0.499,10,1,0.63,138,6,1,1,11,3,0.516,6,126,0.501,0,0,4,2,0,0.466,0,16526,0.534,2,贵州恒丰,长春亚泰
3,0.64,9,2,0.617,149,3,0,2,11,0,0.588,4,114,0.36,2,0,6,4,0,0.488,0,16526,0.512,4,贵州恒丰,长春亚泰
6,0.469,18,3,0.749,422,9,0,0,12,2,0.776,5,411,0.531,3,0,11,2,0,0.465,0,16524,0.535,5,石家庄永昌,呼和浩特
3,0.356,7,1,0.587,150,2,0,1,6,1,0.755,4,208,0.644,1,0,7,1,0,0.541,0,16524,0.459,2,石家庄永昌,呼和浩特
3,0.558,11,2,0.838,272,7,0,2,6,1,0.798,1,203,0.442,2,0,4,1,0,0.404,0,16524,0.596,3,石家庄永昌,呼和浩特
4,0.57,13,1,0.793,464,8,2,0,17,3,0.673,9,263,0.43,1,1,13,9,1,0.405,0,16522,0.595,2,南通支云,辽宁沈阳宏运
2,0.654,5,0,0.824,221,3,1,1,9,2,0.69,7,100,0.346,1,1,6,1,1,0.37,0,16522,0.63,1,南通支云,辽宁沈阳宏运
2,0.503,8,1,0.765,243,5,1,2,8,1,0.663,2,163,0.497,0,0,7,8,0,0.432,0,16522,0.568,1,南通支云,辽宁沈阳宏运
4,0.542,13,2,0.817,460,14,0,0,11,1,0.752,4,371,0.458,0,0,5,8,0,0.472,0,16520,0.528,0,广东华南虎,北京北体大
0,0.524,5,2,0.823,243,6,0,1,4,1,0.722,2,158,0.476,0,0,1,3,0,0.422,0,16520,0.578,0,广东华南虎,北京北体大
4,0.558,8,0,0.811,217,8,0,2,7,0,0.775,2,213,0.442,0,0,4,5,0,0.517,0,16520,0.483,0,广东华南虎,北京北体大
5,0.467,14,4,0.725,433,13,0,0,17,3,0.743,8,382,0.533,0,0,10,8,0,0.498,0,16523,0.502,1,上海申鑫,四川FC
4,0.452,7,1,0.661,186,6,0,1,9,2,0.681,4,163,0.548,0,0,4,4,0,0.513,0,16523,0.487,0,上海申鑫,四川FC
1,0.48,7,3,0.773,247,7,0,2,8,1,0.79,4,219,0.52,0,0,6,4,0,0.484,0,16523,0.516,1,上海申鑫,四川FC
8,0.358,15,4,0.714,262,8,1,0,13,1,0.816,5,434,0.642,2,0,17,12,0,0.569,0,16525,0.431,7,浙江绿城,黑龙江FC
3,0.342,7,2,0.693,137,7,1,1,10,1,0.803,4,213,0.658,0,0,7,4,0,0.574,0,16525,0.426,4,浙江绿城,黑龙江FC
5,0.375,8,2,0.736,125,1,0,2,3,0,0.828,1,221,0.625,2,0,10,8,0,0.563,0,16525,0.437,3,浙江绿城,黑龙江FC
1,0.155,15,0,0.589,158,1,0,0,17,0,0.816,6,577,0.845,0,0,19,9,0,0.657,0,16529,0.343,2,青岛黄海,新疆雪豹纳欢
1,0.21,7,0,0.615,91,0,0,1,12,0,0.804,4,291,0.79,0,0,5,4,0,0.64,0,16529,0.36,0,青岛黄海,新疆雪豹纳欢
0,0.108,8,0,0.552,67,1,0,2,5,0,0.829,2,286,0.892,0,0,14,5,0,0.673,0,16529,0.327,2,青岛黄海,新疆雪豹纳欢
5,0.356,13,2,0.61,241,12,3,0,31,6,0.722,12,450,0.644,0,0,10,4,0,0.596,0,16527,0.404,3,辽宁沈阳宏运,陕西大秦之水
2,0.423,5,2,0.576,132,7,1,1,16,3,0.693,4,238,0.577,0,0,3,3,0,0.578,0,16527,0.422,1,辽宁沈阳宏运,陕西大秦之水
3,0.293,8,0,0.651,109,5,2,2,15,3,0.755,8,212,0.707,0,0,7,1,0,0.617,0,16527,0.383,2,辽宁沈阳宏运,陕西大秦之水
6,0.384,17,5,0.768,401,6,0,0,15,1,0.827,8,468,0.616,1,0,9,2,0,0.52,0,16533,0.48,4,长春亚泰,南通支云
3,0.433,7,2,0.826,236,3,0,1,7,0,0.846,4,259,0.567,0,0,4,1,0,0.515,0,16533,0.485,2,长春亚泰,南通支云
3,0.335,10,3,0.685,165,3,0,2,8,1,0.804,4,209,0.665,1,0,5,1,0,0.526,0,16533,0.474,2,长春亚泰,南通支云
6,0.302,13,3,0.725,287,7,2,0,20,3,0.741,11,398,0.698,0,1,17,11,1,0.579,0,16531,0.421,3,四川FC,广东华南虎
4,0.378,8,1,0.724,152,3,0,1,8,0,0.75,5,184,0.622,0,0,7,5,0,0.564,0,16531,0.436,0,四川FC,广东华南虎
2,0.238,5,2,0.726,135,4,2,2,12,3,0.734,6,214,0.762,0,1,10,6,1,0.593,0,16531,0.407,3,四川FC,广东华南虎
5,0.554,22,4,0.755,355,13,1,0,18,2,0.66,7,265,0.446,0,0,9,4,0,0.442,0,16528,0.558,2,梅州客家,贵州恒丰
2,0.415,13,0,0.736,159,4,0,1,13,1,0.727,7,176,0.585,0,0,5,1,0,0.512,0,16528,0.488,2,梅州客家,贵州恒丰
3,0.686,9,4,0.77,196,9,1,2,5,1,0.528,0,89,0.314,0,0,4,3,0,0.365,0,16528,0.635,0,梅州客家,贵州恒丰
7,0.434,17,9,0.655,261,18,1,0,22,4,0.779,9,362,0.566,2,0,11,4,0,0.539,0,16530,0.461,3,上海申鑫,黑龙江FC
5,0.408,8,5,0.644,132,6,1,1,12,1,0.812,7,207,0.592,0,0,4,3,0,0.551,0,16530,0.449,1,上海申鑫,黑龙江FC
2,0.464,9,4,0.667,129,12,0,2,10,3,0.735,2,155,0.536,2,0,7,1,0,0.527,0,16530,0.473,2,上海申鑫,黑龙江FC
4,0.345,10,6,0.749,346,10,0,0,18,2,0.83,8,529,0.655,1,0,14,3,0,0.616,0,16534,0.384,5,浙江绿城,石家庄永昌
1,0.382,3,2,0.786,192,5,0,1,4,1,0.833,4,257,0.618,0,0,9,1,0,0.609,0,16534,0.391,2,浙江绿城,石家庄永昌
3,0.305,7,4,0.701,154,5,0,2,14,1,0.827,4,272,0.695,1,0,5,2,0,0.624,0,16534,0.376,3,浙江绿城,石家庄永昌
6,0.272,24,2,0.562,162,6,2,0,22,4,0.781,10,452,0.728,0,0,12,11,0,0.647,0,16532,0.353,5,北京北体大,呼和浩特
3,0.331,10,1,0.604,91,5,2,1,12,4,0.789,5,228,0.669,0,0,3,2,0,0.638,0,16532,0.362,1,北京北体大,呼和浩特
3,0.229,14,1,0.507,71,1,0,2,10,0,0.772,5,224,0.771,0,0,9,9,0,0.656,0,16532,0.344,4,北京北体大,呼和浩特
8,0.534,17,1,0.796,447,8,0,0,14,2,0.73,5,397,0.466,0,0,8,4,0,0.445,0,16535,0.555,2,陕西大秦之水,浙江绿城
2,0.62,5,0,0.828,256,5,0,1,9,1,0.773,3,211,0.38,0,0,3,0,0,0.438,0,16535,0.562,0,陕西大秦之水,浙江绿城
6,0.441,12,1,0.754,191,3,0,2,5,1,0.683,2,186,0.559,0,0,5,4,0,0.452,0,16535,0.548,2,陕西大秦之水,浙江绿城
8,0.326,13,3,0.73,289,9,2,0,5,3,0.83,2,522,0.674,4,0,11,2,0,0.582,0,16537,0.418,5,南通支云,新疆雪豹纳欢
2,0.255,4,1,0.699,146,3,1,1,2,1,0.836,2,324,0.745,1,0,5,2,0,0.599,0,16537,0.401,2,南通支云,新疆雪豹纳欢
6,0.423,9,2,0.762,143,6,1,2,3,2,0.818,0,198,0.577,3,0,6,0,0,0.561,0,16537,0.439,3,南通支云,新疆雪豹纳欢
5,0.294,14,3,0.693,326,3,0,0,16,1,0.848,7,594,0.706,3,0,17,3,0,0.609,0,16538,0.391,7,青岛黄海,黑龙江FC
0,0.247,3,2,0.654,153,1,0,1,10,0,0.823,4,294,0.753,2,0,9,1,0,0.602,0,16538,0.398,4,青岛黄海,黑龙江FC
5,0.336,11,1,0.728,173,2,0,2,6,1,0.873,3,300,0.664,1,0,8,2,0,0.615,0,16538,0.385,3,青岛黄海,黑龙江FC
7,0.354,19,1,0.591,225,9,2,0,15,3,0.76,10,425,0.646,0,0,14,6,0,0.588,0,16541,0.412,3,长春亚泰,呼和浩特
4,0.383,12,1,0.563,103,3,0,1,5,0,0.742,4,190,0.617,0,0,6,5,0,0.566,0,16541,0.434,1,长春亚泰,呼和浩特
3,0.334,7,0,0.615,122,6,2,2,10,3,0.774,6,235,0.666,0,0,8,1,0,0.607,0,16541,0.393,2,长春亚泰,呼和浩特
7,0.594,21,2,0.782,357,8,1,0,14,3,0.719,6,285,0.406,2,0,11,3,0,0.464,0,16540,0.536,5,四川FC,梅州客家
6,0.644,14,1,0.815,195,4,0,1,7,2,0.702,3,131,0.356,1,0,5,2,0,0.428,0,16540,0.572,3,四川FC,梅州客家
1,0.546,7,1,0.741,162,4,1,2,7,1,0.734,3,154,0.454,1,0,6,1,0,0.5,0,16540,0.5,2,四川FC,梅州客家
7,0.336,18,1,0.63,219,10,2,0,12,5,0.744,4,390,0.664,3,2,13,4,0,0.556,0,16539,0.444,7,石家庄永昌,上海申鑫
3,0.275,8,0,0.554,92,4,2,1,8,4,0.72,3,182,0.725,1,1,8,2,0,0.568,0,16539,0.432,5,石家庄永昌,上海申鑫
4,0.379,10,1,0.685,127,6,0,2,4,1,0.764,1,208,0.621,2,1,5,2,0,0.547,0,16539,0.453,2,石家庄永昌,上海申鑫
7,0.433,16,6,0.662,334,17,0,0,21,5,0.679,12,364,0.567,0,0,5,3,1,0.543,0,16542,0.457,0,辽宁沈阳宏运,北京北体大
2,0.394,8,2,0.653,196,8,0,1,12,3,0.713,6,209,0.606,0,0,2,0,0,0.533,0,16542,0.467,0,辽宁沈阳宏运,北京北体大
5,0.475,8,4,0.674,138,9,0,2,9,2,0.632,6,155,0.525,0,0,3,3,1,0.556,0,16542,0.444,0,辽宁沈阳宏运,北京北体大
5,0.332,14,4,0.733,251,12,2,0,20,3,0.831,12,539,0.668,1,0,17,8,1,0.631,0,16536,0.369,2,广东华南虎,贵州恒丰
1,0.264,5,0,0.8,125,6,2,1,9,3,0.865,4,303,0.736,1,0,7,4,1,0.671,0,16536,0.329,1,广东华南虎,贵州恒丰
4,0.389,9,4,0.667,126,6,0,2,11,0,0.788,8,236,0.611,0,0,10,4,0,0.589,0,16536,0.411,1,广东华南虎,贵州恒丰
5,0.236,19,4,0.542,166,7,0,0,16,2,0.769,6,477,0.764,0,0,13,4,0,0.638,0,16543,0.362,1,黑龙江FC,南通支云
3,0.298,9,2,0.573,96,4,0,1,7,1,0.761,3,213,0.702,0,0,6,2,0,0.585,0,16543,0.415,1,黑龙江FC,南通支云
2,0.188,10,2,0.5,70,3,0,2,9,1,0.777,3,264,0.812,0,0,7,2,0,0.688,0,16543,0.312,0,黑龙江FC,南通支云
6,0.601,18,3,0.728,346,18,0,0,23,4,0.557,9,201,0.399,1,0,7,3,0,0.434,0,16545,0.566,3,呼和浩特,陕西大秦之水
3,0.586,9,2,0.721,154,7,0,1,12,2,0.586,5,99,0.414,1,0,5,2,0,0.422,0,16545,0.578,1,呼和浩特,陕西大秦之水
3,0.615,9,1,0.734,192,11,0,2,11,2,0.529,4,102,0.385,0,0,2,1,0,0.444,0,16545,0.556,2,呼和浩特,陕西大秦之水
2,0.485,16,7,0.794,437,14,4,0,17,7,0.755,5,331,0.515,2,0,14,5,1,0.499,0,16546,0.501,2,上海申鑫,广东华南虎
0,0.445,9,5,0.814,210,8,2,1,9,4,0.8,3,175,0.555,1,0,5,4,0,0.528,0,16546,0.472,1,上海申鑫,广东华南虎
2,0.526,7,2,0.775,227,6,2,2,8,3,0.705,2,156,0.474,1,0,9,1,1,0.47,0,16546,0.53,1,上海申鑫,广东华南虎
11,0.601,18,6,0.797,479,9,1,0,17,1,0.611,7,216,0.399,0,0,11,8,0,0.344,0,16547,0.656,2,新疆雪豹纳欢,辽宁沈阳宏运
5,0.739,8,5,0.859,298,4,0,1,7,0,0.674,4,89,0.261,0,0,3,2,0,0.283,0,16547,0.717,1,新疆雪豹纳欢,辽宁沈阳宏运
6,0.424,10,1,0.696,181,5,1,2,10,1,0.567,3,127,0.576,0,0,8,6,0,0.415,0,16547,0.585,1,新疆雪豹纳欢,辽宁沈阳宏运
7,0.571,18,7,0.751,313,14,0,0,14,4,0.77,4,309,0.429,1,0,11,7,0,0.536,0,16548,0.464,4,北京北体大,石家庄永昌
3,0.522,10,2,0.76,146,7,0,1,6,2,0.777,3,188,0.478,0,0,5,3,0,0.569,0,16548,0.431,2,北京北体大,石家庄永昌
4,0.611,8,5,0.743,167,7,0,2,8,2,0.76,1,121,0.389,1,0,6,4,0,0.501,0,16548,0.499,2,北京北体大,石家庄永昌
4,0.605,16,8,0.78,369,14,2,0,14,4,0.785,5,302,0.395,3,0,9,5,0,0.469,0,16549,0.531,5,浙江绿城,四川FC
2,0.475,12,3,0.813,150,5,1,1,6,3,0.864,4,176,0.525,1,0,2,1,0,0.525,0,16549,0.475,2,浙江绿城,四川FC
2,0.699,4,5,0.758,219,9,1,2,8,1,0.675,1,126,0.301,2,0,7,4,0,0.416,0,16549,0.584,3,浙江绿城,四川FC
6,0.288,13,8,0.636,253,8,1,0,12,5,0.812,1,526,0.712,2,0,16,7,1,0.617,0,16550,0.383,5,青岛黄海,贵州恒丰
3,0.211,9,1,0.635,115,4,1,1,5,3,0.824,1,318,0.789,1,0,7,2,1,0.652,0,16550,0.348,2,青岛黄海,贵州恒丰
3,0.389,4,7,0.638,138,4,0,2,7,2,0.793,0,208,0.611,1,0,9,5,0,0.575,0,16550,0.425,3,青岛黄海,贵州恒丰
6,0.574,19,10,0.782,432,18,1,0,18,6,0.762,7,311,0.426,1,0,12,4,0,0.457,0,16544,0.543,4,梅州客家,长春亚泰
3,0.53,13,3,0.814,237,4,0,1,5,3,0.744,2,160,0.47,0,0,7,3,0,0.437,0,16544,0.563,1,梅州客家,长春亚泰
3,0.612,6,7,0.744,195,14,1,2,13,3,0.781,5,151,0.388,1,0,5,1,0,0.477,0,16544,0.523,3,梅州客家,长春亚泰
6,0.319,17,1,0.74,300,10,4,0,15,6,0.791,3,441,0.681,1,0,22,8,0,0.54,0,16552,0.46,8,贵州恒丰,上海申鑫
3,0.382,9,1,0.752,161,5,1,1,7,2,0.761,1,197,0.618,1,0,9,3,0,0.48,0,16552,0.52,3,贵州恒丰,上海申鑫
3,0.268,8,0,0.727,139,5,3,2,8,4,0.816,2,244,0.732,0,0,13,5,0,0.598,0,16552,0.402,5,贵州恒丰,上海申鑫
9,0.654,20,9,0.764,386,21,1,0,12,6,0.778,3,406,0.346,1,0,4,5,0,0.499,0,16551,0.501,4,广东华南虎,长春亚泰
4,0.681,10,4,0.792,216,11,0,1,3,2,0.814,2,231,0.319,1,0,2,3,0,0.51,0,16551,0.49,2,广东华南虎,长春亚泰
5,0.628,10,5,0.729,170,10,1,2,9,4,0.731,1,175,0.372,0,0,2,2,0,0.486,0,16551,0.514,2,广东华南虎,长春亚泰
7,0.55,15,7,0.738,320,13,2,0,22,6,0.73,7,370,0.45,1,1,9,2,0,0.514,0,16553,0.486,3,辽宁沈阳宏运,浙江绿城
2,0.397,8,1,0.701,117,4,1,1,11,1,0.778,4,216,0.603,1,1,4,1,0,0.613,0,16553,0.387,2,辽宁沈阳宏运,浙江绿城
5,0.663,7,6,0.759,203,9,1,2,11,5,0.662,3,154,0.337,0,0,5,1,0,0.427,0,16553,0.573,1,辽宁沈阳宏运,浙江绿城
7,0.494,18,1,0.629,267,11,2,0,21,2,0.691,11,337,0.506,1,0,14,7,0,0.546,0,16555,0.454,4,呼和浩特,青岛黄海
5,0.517,10,1,0.639,122,5,1,1,13,1,0.698,6,169,0.483,0,0,7,1,0,0.555,0,16555,0.445,1,呼和浩特,青岛黄海
2,0.475,8,0,0.621,145,6,1,2,8,1,0.685,5,168,0.525,1,0,7,6,0,0.538,0,16555,0.462,3,呼和浩特,青岛黄海
4,0.351,18,4,0.659,217,13,2,0,20,8,0.824,10,483,0.649,0,0,17,5,0,0.608,0,16554,0.392,4,南通支云,梅州客家
3,0.413,11,2,0.661,109,6,1,1,7,3,0.827,4,231,0.587,0,0,7,2,0,0.592,0,16554,0.408,3,南通支云,梅州客家
1,0.302,7,2,0.657,108,7,1,2,13,5,0.821,6,252,0.698,0,0,10,3,0,0.623,0,16554,0.377,1,南通支云,梅州客家
6,0.541,14,4,0.825,394,8,1,0,17,2,0.839,6,398,0.459,1,0,10,3,0,0.484,0,16557,0.516,2,四川FC,北京北体大
3,0.686,8,3,0.835,231,3,0,1,8,1,0.79,0,157,0.314,0,0,1,1,0,0.407,0,16557,0.593,0,四川FC,北京北体大
3,0.409,6,1,0.81,163,5,1,2,9,1,0.871,6,241,0.591,1,0,9,2,0,0.565,0,16557,0.435,2,四川FC,北京北体大
5,0.387,18,2,0.627,276,7,1,0,16,5,0.702,11,352,0.613,1,0,19,8,1,0.563,0,16558,0.437,3,新疆雪豹纳欢,黑龙江FC
2,0.428,9,1,0.654,153,2,1,1,8,1,0.741,4,185,0.572,1,0,8,3,1,0.525,0,16558,0.475,3,新疆雪豹纳欢,黑龙江FC
3,0.348,9,1,0.593,123,5,0,2,8,4,0.659,7,167,0.652,0,0,11,5,0,0.599,0,16558,0.401,0,新疆雪豹纳欢,黑龙江FC
6,0.365,14,0,0.726,368,3,0,0,9,0,0.8,6,461,0.635,5,1,18,5,0,0.533,0,16556,0.467,9,石家庄永昌,陕西大秦之水
0,0.219,3,0,0.676,182,2,0,1,5,0,0.754,5,236,0.781,0,0,8,3,0,0.547,0,16556,0.453,2,石家庄永昌,陕西大秦之水
6,0.535,11,0,0.774,186,1,0,2,4,0,0.849,1,225,0.465,5,1,10,2,0,0.518,0,16556,0.482,7,石家庄永昌,陕西大秦之水
3,0.518,18,6,0.777,346,10,0,0,13,3,0.747,9,356,0.482,2,1,13,7,0,0.507,0,16559,0.493,5,陕西大秦之水,上海申鑫
0,0.387,9,2,0.712,132,3,0,1,5,1,0.783,3,217,0.613,1,1,6,4,0,0.592,0,16559,0.408,2,陕西大秦之水,上海申鑫
3,0.606,9,4,0.818,214,7,0,2,8,2,0.691,6,139,0.394,1,0,7,3,0,0.431,0,16559,0.569,3,陕西大秦之水,上海申鑫
5,0.412,15,9,0.591,291,14,1,0,18,7,0.666,8,344,0.588,2,0,17,5,1,0.573,0,16560,0.427,6,黑龙江FC,贵州恒丰
1,0.261,6,2,0.523,130,6,1,1,10,3,0.734,4,222,0.739,2,0,10,2,1,0.638,0,16560,0.362,6,黑龙江FC,贵州恒丰
4,0.559,9,7,0.646,161,8,0,2,8,4,0.541,4,122,0.441,0,0,7,3,0,0.501,0,16560,0.499,0,黑龙江FC,贵州恒丰
6,0.413,22,2,0.74,381,12,1,0,13,3,0.737,6,429,0.587,2,1,14,5,0,0.531,0,16565,0.469,9,青岛黄海,石家庄永昌
4,0.343,15,0,0.69,145,2,0,1,8,0,0.756,4,221,0.657,1,1,7,2,0,0.591,0,16565,0.409,5,青岛黄海,石家庄永昌
2,0.47,7,2,0.771,236,10,1,2,5,3,0.716,2,208,0.53,1,0,7,3,0,0.48,0,16565,0.52,4,青岛黄海,石家庄永昌
7,0.388,17,5,0.708,236,15,2,0,23,7,0.74,16,385,0.612,0,0,10,6,0,0.546,0,16561,0.454,2,辽宁沈阳宏运,四川FC
3,0.501,7,4,0.705,132,8,0,1,8,3,0.767,6,172,0.499,0,0,4,2,0,0.504,0,16561,0.496,1,辽宁沈阳宏运,四川FC
4,0.301,10,1,0.712,104,7,2,2,15,4,0.718,10,213,0.699,0,0,6,4,0,0.587,0,16561,0.413,1,辽宁沈阳宏运,四川FC
5,0.379,13,3,0.627,263,8,0,0,19,3,0.643,7,356,0.621,0,0,11,6,0,0.56,0,16563,0.44,1,呼和浩特,新疆雪豹纳欢
4,0.476,9,2,0.692,146,7,0,1,13,2,0.659,4,173,0.524,0,0,1,2,0,0.553,0,16563,0.447,0,呼和浩特,新疆雪豹纳欢
1,0.28,4,1,0.547,117,1,0,2,6,1,0.628,3,183,0.72,0,0,10,4,0,0.567,0,16563,0.433,1,呼和浩特,新疆雪豹纳欢
5,0.439,14,6,0.845,452,10,2,0,22,3,0.761,7,297,0.561,1,0,18,9,0,0.445,0,16562,0.555,4,南通支云,广东华南虎
4,0.575,8,4,0.849,251,6,0,1,10,1,0.724,2,127,0.425,0,0,7,1,0,0.397,0,16562,0.603,1,南通支云,广东华南虎
1,0.339,6,2,0.841,201,4,2,2,12,2,0.788,5,170,0.661,1,0,11,8,0,0.491,0,16562,0.509,3,南通支云,广东华南虎
8,0.353,16,4,0.751,333,8,4,0,16,6,0.771,3,459,0.647,1,0,18,5,0,0.53,0,16566,0.47,7,长春亚泰,北京北体大
5,0.397,10,2,0.8,190,3,1,1,6,2,0.812,1,250,0.603,1,0,4,2,0,0.527,0,16566,0.473,2,长春亚泰,北京北体大
3,0.314,6,2,0.685,143,5,3,2,10,4,0.722,2,209,0.686,0,0,14,3,0,0.532,0,16566,0.468,5,长春亚泰,北京北体大
4,0.266,15,3,0.596,198,6,1,0,15,1,0.777,5,480,0.734,0,0,23,11,0,0.623,0,16564,0.377,6,浙江绿城,梅州客家
1,0.313,6,3,0.615,117,3,0,1,7,0,0.783,2,240,0.687,0,0,11,5,0,0.603,0,16564,0.397,5,浙江绿城,梅州客家
3,0.224,9,0,0.568,81,3,1,2,8,1,0.771,3,240,0.776,0,0,12,6,0,0.645,0,16564,0.355,1,浙江绿城,梅州客家
10,0.404,22,8,0.618,238,14,0,0,10,2,0.622,4,278,0.596,0,0,10,6,0,0.519,0,16567,0.481,1,黑龙江FC,呼和浩特
5,0.483,11,5,0.677,133,10,0,1,4,0,0.6,1,115,0.517,0,0,3,3,0,0.476,0,16567,0.524,0,黑龙江FC,呼和浩特
5,0.341,11,3,0.543,105,4,0,2,6,2,0.638,3,163,0.659,0,0,7,3,0,0.558,0,16567,0.442,1,黑龙江FC,呼和浩特
2,0.697,13,7,0.785,438,18,2,0,12,4,0.706,2,265,0.303,1,0,8,1,0,0.443,0,16570,0.557,1,四川FC,青岛黄海
1,0.705,3,5,0.774,230,9,0,1,6,1,0.734,1,128,0.295,0,0,3,1,0,0.427,0,16570,0.573,0,四川FC,青岛黄海
1,0.688,10,2,0.798,208,9,2,2,6,3,0.679,1,137,0.312,1,0,5,0,0,0.459,0,16570,0.541,1,四川FC,青岛黄海
9,0.516,19,11,0.712,302,21,4,0,21,10,0.678,11,276,0.484,3,1,10,4,0,0.494,0,16571,0.506,3,新疆雪豹纳欢,长春亚泰
5,0.419,9,4,0.695,141,11,1,1,10,4,0.669,6,133,0.581,2,1,4,2,0,0.541,0,16571,0.459,2,新疆雪豹纳欢,长春亚泰
4,0.593,10,7,0.727,161,10,3,2,11,6,0.685,5,143,0.407,1,0,6,2,0,0.448,0,16571,0.552,1,新疆雪豹纳欢,长春亚泰
3,0.438,12,8,0.79,391,14,3,0,21,8,0.776,7,406,0.562,0,0,9,4,0,0.51,0,16568,0.49,6,上海申鑫,南通支云
1,0.368,3,2,0.764,182,4,2,1,11,3,0.803,4,223,0.632,0,0,3,2,0,0.553,0,16568,0.447,2,上海申鑫,南通支云
2,0.498,9,6,0.813,209,10,1,2,10,5,0.743,3,183,0.502,0,0,6,2,0,0.463,0,16568,0.537,4,上海申鑫,南通支云
8,0.404,15,2,0.742,298,12,1,0,8,4,0.732,5,385,0.596,2,0,20,9,0,0.534,0,16569,0.466,5,石家庄永昌,辽宁沈阳宏运
4,0.409,7,0,0.736,129,6,1,1,5,3,0.769,3,186,0.591,1,0,10,3,0,0.563,0,16569,0.437,2,石家庄永昌,辽宁沈阳宏运
4,0.4,8,2,0.746,169,6,0,2,3,1,0.698,2,199,0.6,1,0,10,6,0,0.51,0,16569,0.49,3,石家庄永昌,辽宁沈阳宏运
8,0.555,18,4,0.82,461,13,0,0,17,3,0.719,9,292,0.445,3,0,11,7,0,0.442,0,16572,0.558,4,北京北体大,陕西大秦之水
3,0.527,9,1,0.833,246,6,0,1,11,0,0.752,7,161,0.473,1,0,4,0,0,0.454,0,16572,0.546,1,北京北体大,陕西大秦之水
5,0.58,9,3,0.805,215,7,0,2,6,3,0.679,2,131,0.42,2,0,7,7,0,0.429,0,16572,0.571,3,北京北体大,陕西大秦之水
2,0.349,19,3,0.798,397,9,1,0,22,4,0.746,11,398,0.651,0,0,15,5,0,0.511,0,16574,0.489,1,梅州客家,广东华南虎
1,0.286,11,1,0.821,234,3,1,1,12,1,0.756,7,234,0.714,0,0,5,1,0,0.526,0,16574,0.474,0,梅州客家,广东华南虎
1,0.407,8,2,0.767,163,6,0,2,10,3,0.732,4,164,0.593,0,0,10,4,0,0.493,0,16574,0.507,1,梅州客家,广东华南虎
10,0.416,18,5,0.665,224,9,2,0,12,4,0.778,5,356,0.584,6,1,14,9,0,0.576,0,16573,0.424,8,贵州恒丰,浙江绿城
6,0.423,11,1,0.697,132,7,2,1,5,3,0.704,3,152,0.577,1,1,4,4,0,0.503,0,16573,0.497,2,贵州恒丰,浙江绿城
4,0.41,7,4,0.62,92,2,0,2,7,1,0.833,2,204,0.59,5,0,10,5,0,0.64,0,16573,0.36,6,贵州恒丰,浙江绿城
6,0.342,17,4,0.664,238,4,1,0,14,3,0.783,6,446,0.658,0,0,13,2,0,0.585,0,16575,0.415,1,陕西大秦之水,梅州客家
1,0.445,9,2,0.712,160,2,0,1,8,1,0.783,3,230,0.555,0,0,5,0,0,0.563,0,16575,0.437,1,陕西大秦之水,梅州客家
5,0.248,8,2,0.564,78,2,1,2,6,2,0.782,3,216,0.752,0,0,8,2,0,0.611,0,16575,0.389,0,陕西大秦之水,梅州客家
2,0.369,6,4,0.67,270,3,0,0,18,0,0.766,11,354,0.631,2,0,14,11,0,0.576,0,16577,0.424,6,贵州恒丰,南通支云
2,0.274,4,2,0.607,122,2,0,1,10,0,0.799,4,244,0.726,0,0,4,4,0,0.633,0,16577,0.367,1,贵州恒丰,南通支云
0,0.465,2,2,0.723,148,1,0,2,8,0,0.691,7,110,0.535,2,0,10,7,0,0.504,0,16577,0.496,5,贵州恒丰,南通支云
2,0.19,14,2,0.53,181,6,1,0,16,1,0.745,5,474,0.81,1,0,34,8,0,0.628,0,16578,0.372,8,黑龙江FC,四川FC
2,0.278,6,1,0.591,110,4,1,1,9,1,0.728,3,184,0.722,0,0,13,5,0,0.561,0,16578,0.439,3,黑龙江FC,四川FC
0,0.123,8,1,0.437,71,2,0,2,7,0,0.755,2,290,0.877,1,0,21,3,0,0.684,0,16578,0.316,5,黑龙江FC,四川FC
4,0.448,8,3,0.713,338,12,0,0,18,3,0.718,9,344,0.552,1,0,15,9,0,0.492,0,16581,0.508,5,新疆雪豹纳欢,北京北体大
0,0.303,2,1,0.703,165,4,0,1,7,1,0.758,3,211,0.697,1,0,7,8,0,0.505,0,16581,0.495,4,新疆雪豹纳欢,北京北体大
4,0.602,6,2,0.723,173,8,0,2,11,2,0.654,6,133,0.398,0,0,8,1,0,0.479,0,16581,0.521,1,新疆雪豹纳欢,北京北体大
8,0.43,22,2,0.74,273,12,3,0,14,6,0.822,5,404,0.57,2,1,10,1,0,0.562,0,16576,0.438,4,广东华南虎,青岛黄海
4,0.477,12,1,0.776,170,5,2,1,7,3,0.825,3,223,0.523,1,0,1,1,0,0.55,0,16576,0.45,1,广东华南虎,青岛黄海
4,0.376,10,1,0.68,103,7,1,2,7,3,0.818,2,181,0.624,1,1,9,0,0,0.576,0,16576,0.424,3,广东华南虎,青岛黄海
8,0.476,23,2,0.693,332,6,1,0,16,1,0.719,4,374,0.524,4,1,19,3,0,0.516,0,16579,0.484,7,辽宁沈阳宏运,上海申鑫
3,0.361,10,2,0.669,145,3,0,1,7,0,0.759,2,220,0.639,2,0,10,2,0,0.569,0,16579,0.431,4,辽宁沈阳宏运,上海申鑫
5,0.572,13,0,0.711,187,3,1,2,9,1,0.662,2,154,0.428,2,1,9,1,0,0.461,0,16579,0.539,3,辽宁沈阳宏运,上海申鑫
5,0.495,18,5,0.502,201,7,1,0,18,2,0.567,5,231,0.505,1,0,7,6,0,0.505,0,16580,0.495,2,呼和浩特,浙江绿城
3,0.531,9,3,0.467,107,3,0,1,9,1,0.571,3,119,0.469,0,0,2,2,0,0.51,0,16580,0.49,0,呼和浩特,浙江绿城
2,0.466,9,2,0.543,94,4,1,2,9,1,0.562,2,112,0.534,1,0,5,4,0,0.5,0,16580,0.5,2,呼和浩特,浙江绿城
8,0.544,13,3,0.756,394,10,2,0,23,3,0.727,10,370,0.456,3,0,12,6,0,0.502,0,16582,0.498,5,长春亚泰,石家庄永昌
3,0.482,4,2,0.731,182,3,1,1,12,1,0.701,6,201,0.518,0,0,4,3,0,0.503,0,16582,0.497,1,长春亚泰,石家庄永昌
5,0.601,9,1,0.778,212,7,1,2,11,2,0.757,4,169,0.399,3,0,8,3,0,0.501,0,16582,0.499,4,长春亚泰,石家庄永昌
11,0.486,24,1,0.872,491,9,3,0,19,4,0.803,6,325,0.514,1,0,11,4,0,0.416,0,16583,0.584,5,陕西大秦之水,广东华南虎
3,0.405,10,1,0.819,177,5,1,1,10,1,0.8,5,165,0.595,1,0,6,2,0,0.482,0,16583,0.518,2,陕西大秦之水,广东华南虎
8,0.559,14,0,0.901,314,4,2,2,9,3,0.806,1,160,0.441,0,0,5,2,0,0.362,0,16583,0.638,3,陕西大秦之水,广东华南虎
7,0.348,17,2,0.658,269,9,1,0,18,3,0.781,9,466,0.652,1,0,12,9,0,0.584,0,16590,0.416,4,长春亚泰,辽宁沈阳宏运
7,0.383,13,0,0.688,144,4,0,1,7,1,0.805,3,246,0.617,1,0,5,3,0,0.605,0,16590,0.395,3,长春亚泰,辽宁沈阳宏运
0,0.313,4,2,0.624,125,5,1,2,11,2,0.755,6,220,0.687,0,0,7,6,0,0.564,0,16590,0.436,1,长春亚泰,辽宁沈阳宏运
8,0.481,13,1,0.878,377,17,2,0,16,6,0.826,6,420,0.519,1,0,12,6,0,0.518,0,16587,0.482,5,四川FC,贵州恒丰
5,0.437,7,1,0.832,119,11,1,1,10,4,0.828,4,192,0.563,0,0,5,5,0,0.566,0,16587,0.434,2,四川FC,贵州恒丰
3,0.515,6,0,0.899,258,6,1,2,6,2,0.825,2,228,0.485,1,0,7,1,0,0.482,0,16587,0.518,3,四川FC,贵州恒丰
7,0.562,21,8,0.763,372,14,2,0,15,5,0.706,5,316,0.438,2,0,6,4,0,0.457,0,16584,0.543,3,梅州客家,青岛黄海
4,0.662,13,5,0.786,206,10,2,1,7,4,0.676,2,136,0.338,1,0,2,0,0,0.39,0,16584,0.61,1,梅州客家,青岛黄海
3,0.476,8,3,0.735,166,4,0,2,8,1,0.728,3,180,0.524,1,0,4,4,0,0.516,0,16584,0.484,2,梅州客家,青岛黄海
7,0.611,17,3,0.786,471,14,0,0,11,6,0.766,5,346,0.389,2,0,13,1,0,0.455,0,16586,0.545,4,石家庄永昌,黑龙江FC
4,0.558,7,2,0.759,199,6,0,1,2,2,0.788,2,212,0.442,1,0,5,1,0,0.499,0,16586,0.501,2,石家庄永昌,黑龙江FC
3,0.664,10,1,0.805,272,8,0,2,9,4,0.731,3,134,0.336,1,0,8,0,0,0.413,0,16586,0.587,2,石家庄永昌,黑龙江FC
8,0.617,24,3,0.844,424,13,1,0,14,6,0.771,3,353,0.383,5,1,11,3,0,0.449,0,16588,0.551,6,北京北体大,上海申鑫
6,0.606,13,2,0.829,210,4,1,1,9,2,0.813,2,203,0.394,3,1,3,1,0,0.471,0,16588,0.529,3,北京北体大,上海申鑫
2,0.625,11,1,0.86,214,9,0,2,5,4,0.713,1,150,0.375,2,0,8,2,0,0.425,0,16588,0.575,3,北京北体大,上海申鑫
4,0.419,12,3,0.74,361,8,0,0,12,2,0.71,7,404,0.581,1,1,13,12,0,0.558,0,16589,0.442,4,浙江绿城,新疆雪豹纳欢
1,0.387,4,2,0.747,186,2,0,1,3,1,0.718,2,227,0.613,1,1,3,8,0,0.582,0,16589,0.418,2,浙江绿城,新疆雪豹纳欢
3,0.445,8,1,0.731,175,6,0,2,9,1,0.701,5,177,0.555,0,0,10,4,0,0.534,0,16589,0.466,2,浙江绿城,新疆雪豹纳欢
9,0.551,17,4,0.769,337,12,0,0,9,3,0.767,5,309,0.449,1,0,5,3,0,0.473,0,16585,0.527,4,南通支云,呼和浩特
3,0.522,6,1,0.757,173,5,0,1,5,1,0.733,3,161,0.478,0,0,1,2,0,0.45,0,16585,0.55,1,南通支云,呼和浩特
6,0.578,11,3,0.78,164,7,0,2,4,2,0.804,2,148,0.422,1,0,4,1,0,0.495,0,16585,0.505,3,南通支云,呼和浩特
5,0.54,13,7,0.79,376,21,2,0,19,6,0.751,12,301,0.46,2,0,9,3,0,0.453,0,16593,0.547,5,梅州客家,呼和浩特
1,0.514,3,3,0.775,213,10,2,1,9,5,0.79,7,181,0.486,0,0,2,1,0,0.457,0,16593,0.543,0,梅州客家,呼和浩特
4,0.568,10,4,0.81,163,11,0,2,10,1,0.692,5,120,0.432,2,0,7,2,0,0.448,0,16593,0.552,5,梅州客家,呼和浩特
5,0.515,16,7,0.799,427,7,2,0,10,1,0.753,3,304,0.485,2,0,10,6,0,0.43,0,16595,0.57,6,北京北体大,浙江绿城
0,0.485,3,2,0.824,250,2,1,1,2,0,0.777,0,197,0.515,1,0,4,2,0,0.407,0,16595,0.593,3,北京北体大,浙江绿城
5,0.54,13,5,0.763,177,5,1,2,8,1,0.71,3,107,0.46,1,0,6,4,0,0.458,0,16595,0.542,3,北京北体大,浙江绿城
9,0.475,25,2,0.708,319,5,0,0,23,1,0.655,9,258,0.525,2,1,13,2,0,0.497,0,16596,0.503,6,黑龙江FC,辽宁沈阳宏运
4,0.462,11,0,0.726,135,2,0,1,12,0,0.639,4,97,0.538,2,1,8,1,0,0.493,0,16596,0.507,5,黑龙江FC,辽宁沈阳宏运
5,0.485,14,2,0.696,184,3,0,2,11,1,0.665,5,161,0.515,0,0,5,1,0,0.5,0,16596,0.5,1,黑龙江FC,辽宁沈阳宏运
5,0.468,13,4,0.745,337,11,1,0,14,2,0.79,7,442,0.532,1,0,11,2,0,0.576,0,16591,0.424,2,广东华南虎,石家庄永昌
3,0.507,7,1,0.759,162,7,0,1,6,0,0.829,1,258,0.493,0,0,7,1,0,0.585,0,16591,0.415,0,广东华南虎,石家庄永昌
2,0.434,6,3,0.731,175,4,1,2,8,2,0.734,6,184,0.566,1,0,4,1,0,0.566,0,16591,0.434,2,广东华南虎,石家庄永昌
2,0.413,20,1,0.404,203,3,0,0,29,1,0.39,9,210,0.587,0,0,11,2,0,0.508,0,16592,0.492,4,贵州恒丰,陕西大秦之水
0,0.431,7,0,0.481,108,3,0,1,16,1,0.402,6,112,0.569,0,0,6,0,0,0.491,0,16592,0.509,1,贵州恒丰,陕西大秦之水
2,0.392,13,1,0.316,95,0,0,2,13,0,0.378,3,98,0.608,0,0,5,2,0,0.525,0,16592,0.475,3,贵州恒丰,陕西大秦之水
2,0.456,8,2,0.718,450,14,1,0,18,3,0.707,7,393,0.544,0,0,14,5,0,0.496,0,16594,0.504,4,上海申鑫,新疆雪豹纳欢
1,0.617,6,1,0.764,288,12,1,1,7,3,0.636,2,154,0.383,0,0,7,2,0,0.415,0,16594,0.585,2,上海申鑫,新疆雪豹纳欢
1,0.28,2,1,0.636,162,2,0,2,11,0,0.753,5,239,0.72,0,0,7,3,0,0.583,0,16594,0.417,2,上海申鑫,新疆雪豹纳欢
10,0.677,17,5,0.837,498,18,0,0,13,2,0.797,4,305,0.323,1,0,10,6,0,0.403,0,16597,0.597,3,南通支云,四川FC
5,0.663,8,1,0.845,252,8,0,1,5,1,0.789,2,152,0.337,1,0,6,4,0,0.398,0,16597,0.602,3,南通支云,四川FC
5,0.691,9,4,0.829,246,10,0,2,8,1,0.804,2,153,0.309,0,0,4,2,0,0.408,0,16597,0.592,0,南通支云,四川FC
9,0.472,15,4,0.759,340,9,3,0,26,6,0.805,8,349,0.528,2,0,15,4,1,0.512,0,16598,0.488,9,青岛黄海,长春亚泰
3,0.448,7,1,0.763,194,2,1,1,13,2,0.854,3,198,0.552,1,0,8,2,0,0.539,0,16598,0.461,4,青岛黄海,长春亚泰
6,0.497,8,3,0.753,146,7,2,2,13,4,0.742,5,151,0.503,1,0,7,2,1,0.481,0,16598,0.519,5,青岛黄海,长春亚泰
6,0.378,18,5,0.719,263,7,2,0,16,2,0.817,5,436,0.622,1,0,13,6,0,0.576,0,16602,0.424,4,广东华南虎,呼和浩特
4,0.398,9,2,0.728,125,4,1,1,10,1,0.824,2,216,0.602,0,0,2,3,0,0.596,0,16602,0.404,0,广东华南虎,呼和浩特
2,0.363,9,3,0.71,138,3,1,2,6,1,0.809,3,220,0.637,1,0,11,3,0,0.556,0,16602,0.444,4,广东华南虎,呼和浩特
8,0.572,17,8,0.833,407,12,2,0,11,5,0.753,5,239,0.428,3,0,18,3,0,0.43,0,16599,0.57,8,陕西大秦之水,南通支云
2,0.455,8,0,0.844,218,3,0,1,5,2,0.801,3,181,0.545,1,0,8,2,0,0.503,0,16599,0.497,3,陕西大秦之水,南通支云
6,0.703,9,8,0.82,189,9,2,2,6,3,0.603,2,58,0.297,2,0,10,1,0,0.331,0,16599,0.669,5,陕西大秦之水,南通支云
7,0.455,21,5,0.721,359,12,3,0,25,6,0.769,9,416,0.545,2,0,13,5,0,0.514,0,16600,0.486,4,辽宁沈阳宏运,青岛黄海
3,0.525,11,3,0.723,195,6,1,1,13,3,0.782,3,202,0.475,0,0,6,2,0,0.487,0,16600,0.513,0,辽宁沈阳宏运,青岛黄海
4,0.399,10,2,0.72,164,6,2,2,12,3,0.757,6,214,0.601,2,0,7,3,0,0.541,0,16600,0.459,4,辽宁沈阳宏运,青岛黄海
5,0.33,8,3,0.716,261,13,5,0,16,8,0.839,6,583,0.67,4,0,10,2,0,0.649,0,16601,0.351,6,梅州客家,石家庄永昌
2,0.231,3,2,0.598,102,4,2,1,6,3,0.837,3,313,0.769,2,0,5,0,0,0.693,0,16601,0.307,3,梅州客家,石家庄永昌
3,0.447,5,1,0.792,159,9,3,2,10,5,0.841,3,270,0.553,2,0,5,2,0,0.6,0,16601,0.4,3,梅州客家,石家庄永昌
2,0.329,11,1,0.728,283,8,1,0,11,5,0.8,6,505,0.671,1,0,21,10,0,0.602,0,16606,0.398,2,北京北体大,黑龙江FC
0,0.32,3,1,0.739,157,3,0,1,5,2,0.805,2,251,0.68,0,0,11,5,0,0.601,0,16606,0.399,1,北京北体大,黑龙江FC
2,0.337,8,0,0.714,126,5,1,2,6,3,0.795,4,254,0.663,1,0,10,5,0,0.602,0,16606,0.398,1,北京北体大,黑龙江FC
5,0.632,13,6,0.83,466,13,0,0,10,6,0.787,3,300,0.368,1,0,12,1,0,0.468,0,16603,0.532,2,四川FC,长春亚泰
3,0.637,8,4,0.837,227,4,0,1,6,2,0.842,1,152,0.363,0,0,5,0,0,0.488,0,16603,0.512,1,四川FC,长春亚泰
2,0.627,5,2,0.824,239,9,0,2,4,4,0.73,2,148,0.373,1,0,7,1,0,0.448,0,16603,0.552,1,四川FC,长春亚泰
7,0.542,20,5,0.677,337,13,0,0,14,3,0.675,6,249,0.458,1,0,12,3,0,0.455,0,16604,0.545,6,新疆雪豹纳欢,贵州恒丰
2,0.369,9,1,0.646,147,6,0,1,8,1,0.71,4,155,0.631,0,0,6,3,0,0.52,0,16604,0.48,3,新疆雪豹纳欢,贵州恒丰
5,0.707,11,4,0.7,190,7,0,2,6,2,0.617,2,94,0.293,1,0,6,0,0,0.391,0,16604,0.609,3,新疆雪豹纳欢,贵州恒丰
5,0.252,18,3,0.613,194,9,0,0,10,1,0.859,5,583,0.748,5,0,22,7,0,0.671,0,16605,0.329,7,浙江绿城,上海申鑫
3,0.196,9,2,0.588,85,4,0,1,6,0,0.855,4,269,0.804,2,0,7,2,0,0.68,0,16605,0.32,2,浙江绿城,上海申鑫
2,0.306,9,1,0.633,109,5,0,2,4,1,0.863,1,314,0.694,3,0,15,5,0,0.664,0,16605,0.336,5,浙江绿城,上海申鑫
9,0.412,20,4,0.542,236,11,1,0,14,4,0.693,5,329,0.588,2,0,15,8,0,0.572,0,16608,0.428,5,黑龙江FC,梅州客家
3,0.327,5,3,0.425,80,4,1,1,10,2,0.681,4,160,0.673,2,0,10,3,0,0.631,0,16608,0.369,2,黑龙江FC,梅州客家
6,0.482,15,1,0.603,156,7,0,2,4,2,0.704,1,169,0.518,0,0,5,5,0,0.527,0,16608,0.473,3,黑龙江FC,梅州客家
4,0.287,9,3,0.753,320,4,0,0,8,2,0.863,3,549,0.713,3,1,21,4,0,0.605,0,16612,0.395,7,新疆雪豹纳欢,四川FC
2,0.236,6,0,0.69,142,0,0,1,4,0,0.842,2,284,0.764,0,0,6,2,0,0.611,0,16612,0.389,1,新疆雪豹纳欢,四川FC
2,0.33,3,3,0.803,178,4,0,2,4,2,0.887,1,265,0.67,3,1,15,2,0,0.6,0,16612,0.4,6,新疆雪豹纳欢,四川FC
6,0.527,16,4,0.795,463,12,1,0,15,3,0.725,5,302,0.473,3,0,12,6,0,0.426,0,16610,0.574,7,北京北体大,青岛黄海
3,0.502,9,1,0.84,213,4,1,1,9,1,0.744,3,156,0.498,1,0,6,6,0,0.42,0,16610,0.58,3,北京北体大,青岛黄海
3,0.547,7,3,0.756,250,8,0,2,6,2,0.705,2,146,0.453,2,0,6,0,0,0.433,0,16610,0.567,4,北京北体大,青岛黄海
9,0.534,18,2,0.793,547,11,1,0,15,3,0.745,6,373,0.466,0,0,14,4,0,0.443,0,16611,0.557,4,上海申鑫,呼和浩特
4,0.724,8,1,0.823,344,7,1,1,7,1,0.709,1,134,0.276,0,0,4,0,0,0.344,0,16611,0.656,1,上海申鑫,呼和浩特
5,0.345,10,1,0.744,203,4,0,2,8,2,0.766,5,239,0.655,0,0,10,4,0,0.546,0,16611,0.454,3,上海申鑫,呼和浩特
10,0.46,19,2,0.686,255,5,1,0,16,1,0.716,5,324,0.54,2,2,16,3,0,0.542,0,16614,0.458,5,贵州恒丰,石家庄永昌
5,0.376,9,1,0.656,128,3,1,1,5,1,0.759,2,195,0.624,1,1,11,3,0,0.589,0,16614,0.411,4,贵州恒丰,石家庄永昌
5,0.574,10,1,0.717,127,2,0,2,11,0,0.651,3,129,0.426,1,1,5,0,0,0.487,0,16614,0.513,1,贵州恒丰,石家庄永昌
7,0.678,22,7,0.804,419,17,0,0,22,3,0.675,1,212,0.322,0,0,6,3,0,0.402,0,16609,0.598,3,南通支云,浙江绿城
2,0.524,12,2,0.797,187,7,0,1,9,2,0.745,1,137,0.476,0,0,4,2,0,0.466,0,16609,0.534,2,南通支云,浙江绿城
5,0.807,10,5,0.81,232,10,0,2,13,1,0.547,0,75,0.193,0,0,2,1,0,0.342,0,16609,0.658,1,南通支云,浙江绿城
2,0.412,9,8,0.641,251,8,2,0,22,5,0.783,8,411,0.588,3,0,9,4,0,0.569,0,16613,0.431,5,长春亚泰,陕西大秦之水
1,0.452,5,5,0.63,127,3,1,1,13,3,0.798,3,233,0.548,1,0,2,0,0,0.61,0,16613,0.39,1,长春亚泰,陕西大秦之水
1,0.378,4,3,0.653,124,5,1,2,9,2,0.764,5,178,0.622,2,0,7,4,0,0.524,0,16613,0.476,4,长春亚泰,陕西大秦之水
9,0.478,21,3,0.718,316,10,1,0,17,3,0.709,8,323,0.522,1,1,13,4,0,0.526,0,16607,0.474,2,广东华南虎,辽宁沈阳宏运
5,0.445,10,0,0.728,162,6,1,1,6,2,0.79,3,176,0.555,1,1,6,2,0,0.555,0,16607,0.445,1,广东华南虎,辽宁沈阳宏运
4,0.507,11,3,0.708,154,4,0,2,11,1,0.612,5,147,0.493,0,0,7,2,0,0.495,0,16607,0.505,1,广东华南虎,辽宁沈阳宏运
8,0.41,20,2,0.689,334,9,1,0,25,4,0.685,11,279,0.59,2,0,17,7,0,0.515,0,16616,0.485,3,黑龙江FC,广东华南虎
3,0.321,8,0,0.642,120,4,1,1,13,2,0.736,4,140,0.679,2,0,13,6,0,0.581,0,16616,0.419,2,黑龙江FC,广东华南虎
5,0.477,12,2,0.715,214,5,0,2,12,2,0.633,7,139,0.523,0,0,4,1,0,0.463,0,16616,0.537,1,黑龙江FC,广东华南虎
11,0.673,17,3,0.781,379,18,0,0,15,3,0.677,10,235,0.327,1,0,6,1,0,0.423,0,16618,0.577,1,呼和浩特,贵州恒丰
6,0.689,7,2,0.795,220,10,0,1,6,2,0.703,4,128,0.311,1,0,3,1,0,0.41,0,16618,0.59,1,呼和浩特,贵州恒丰
5,0.658,10,1,0.761,159,8,0,2,9,1,0.645,6,107,0.342,0,0,3,0,0,0.438,0,16618,0.562,0,呼和浩特,贵州恒丰
10,0.652,28,8,0.847,483,17,0,0,10,5,0.718,3,216,0.348,2,1,15,5,0,0.345,0,16617,0.655,8,梅州客家,辽宁沈阳宏运
2,0.535,9,2,0.863,241,9,0,1,5,2,0.754,3,126,0.465,1,1,9,3,0,0.362,0,16617,0.638,6,梅州客家,辽宁沈阳宏运
8,0.75,19,6,0.831,242,8,0,2,5,3,0.667,0,90,0.25,1,0,6,2,0,0.327,0,16617,0.673,2,梅州客家,辽宁沈阳宏运
14,0.367,18,1,0.692,260,8,2,0,20,3,0.8,7,411,0.633,9,1,28,8,0,0.592,0,16619,0.408,16,青岛黄海,上海申鑫
6,0.348,7,0,0.715,137,5,0,1,9,1,0.771,5,201,0.652,3,0,15,6,0,0.582,0,16619,0.418,8,青岛黄海,上海申鑫
8,0.388,11,1,0.667,123,3,2,2,11,2,0.829,2,210,0.612,6,1,13,2,0,0.602,0,16619,0.398,8,青岛黄海,上海申鑫
3,0.531,9,2,0.871,480,11,1,0,13,4,0.889,7,452,0.469,6,0,20,6,0,0.481,0,16620,0.519,11,石家庄永昌,四川FC
1,0.461,6,1,0.89,236,4,1,1,7,3,0.912,4,226,0.539,5,0,11,4,0,0.494,0,16620,0.506,8,石家庄永昌,四川FC
2,0.587,3,1,0.852,244,7,0,2,6,1,0.867,3,226,0.413,1,0,9,2,0,0.468,0,16620,0.532,3,石家庄永昌,四川FC
5,0.502,15,4,0.817,371,17,1,0,19,6,0.777,7,332,0.498,0,0,11,3,1,0.487,0,16621,0.513,2,北京北体大,南通支云
2,0.39,8,0,0.748,151,5,0,1,10,1,0.805,5,200,0.61,0,0,5,2,0,0.576,0,16621,0.424,1,北京北体大,南通支云
3,0.595,7,4,0.864,220,12,1,2,9,5,0.735,2,132,0.405,0,0,6,1,1,0.401,0,16621,0.599,1,北京北体大,南通支云
1,0.313,6,3,0.728,195,11,2,0,15,4,0.845,6,381,0.687,2,1,13,5,0,0.629,0,16622,0.371,7,浙江绿城,长春亚泰
0,0.286,3,2,0.748,127,9,2,1,8,3,0.872,4,258,0.714,0,0,7,3,0,0.648,0,16622,0.352,5,浙江绿城,长春亚泰
1,0.366,3,1,0.691,68,2,0,2,7,1,0.789,2,123,0.634,2,1,6,2,0,0.594,0,16622,0.406,2,浙江绿城,长春亚泰
11,0.535,19,3,0.689,296,12,0,0,16,1,0.593,9,231,0.465,1,0,11,4,0,0.47,0,16615,0.53,3,陕西大秦之水,新疆雪豹纳欢
4,0.414,11,1,0.627,110,6,0,1,9,0,0.672,5,131,0.586,1,0,8,3,0,0.548,0,16615,0.452,3,陕西大秦之水,新疆雪豹纳欢
7,0.63,8,2,0.726,186,6,0,2,7,1,0.49,4,100,0.37,0,0,3,1,0,0.405,0,16615,0.595,0,陕西大秦之水,新疆雪豹纳欢
9,0.453,21,1,0.656,262,6,0,0,16,2,0.72,7,322,0.547,2,1,11,5,0,0.542,0,16624,0.458,6,贵州恒丰,北京北体大
2,0.476,7,0,0.714,147,2,0,1,11,1,0.701,5,167,0.524,1,0,4,3,0,0.522,0,16624,0.478,3,贵州恒丰,北京北体大
7,0.431,14,1,0.583,115,4,0,2,5,1,0.742,2,155,0.569,1,1,7,2,0,0.565,0,16624,0.435,3,贵州恒丰,北京北体大
6,0.349,14,4,0.731,283,13,1,0,13,6,0.788,5,466,0.651,1,0,19,8,0,0.569,0,16630,0.431,7,长春亚泰,黑龙江FC
3,0.274,8,0,0.741,143,2,1,1,8,1,0.829,2,280,0.726,0,0,4,1,0,0.602,0,16630,0.398,1,长春亚泰,黑龙江FC
3,0.429,6,4,0.721,140,11,0,2,5,5,0.726,3,186,0.571,1,0,15,7,0,0.534,0,16630,0.466,6,长春亚泰,黑龙江FC
8,0.503,17,5,0.775,347,17,0,0,14,2,0.784,3,338,0.497,1,0,12,2,0,0.513,0,16629,0.487,4,新疆雪豹纳欢,石家庄永昌
2,0.41,10,1,0.762,189,10,0,1,8,0,0.798,1,218,0.59,0,0,6,2,0,0.549,0,16629,0.451,1,新疆雪豹纳欢,石家庄永昌
6,0.606,7,4,0.791,158,7,0,2,6,2,0.758,2,120,0.394,1,0,6,0,0,0.468,0,16629,0.532,3,新疆雪豹纳欢,石家庄永昌
5,0.442,15,5,0.825,416,18,7,0,21,9,0.791,12,378,0.558,1,0,9,5,0,0.489,0,16627,0.511,5,上海申鑫,梅州客家
5,0.505,10,4,0.808,203,10,2,1,9,3,0.753,3,186,0.495,0,0,2,1,0,0.48,0,16627,0.52,1,上海申鑫,梅州客家
0,0.392,5,1,0.84,213,8,5,2,12,6,0.828,9,192,0.608,1,0,7,4,0,0.497,0,16627,0.503,4,上海申鑫,梅州客家
10,0.555,20,7,0.735,234,17,1,0,13,5,0.794,2,340,0.445,1,0,7,6,0,0.581,0,16626,0.419,1,南通支云,青岛黄海
5,0.504,12,3,0.728,125,7,0,1,8,1,0.816,1,201,0.496,0,0,4,4,0,0.604,0,16626,0.396,0,南通支云,青岛黄海
5,0.614,8,4,0.743,109,10,1,2,5,4,0.763,1,139,0.386,1,0,3,2,0,0.553,0,16626,0.447,1,南通支云,青岛黄海
5,0.404,12,2,0.746,283,11,2,0,18,2,0.78,11,391,0.596,2,0,18,11,0,0.547,0,16623,0.453,7,广东华南虎,浙江绿城
3,0.352,7,0,0.649,114,5,1,1,7,1,0.76,5,221,0.648,0,0,10,4,0,0.581,0,16623,0.419,3,广东华南虎,浙江绿城
2,0.446,5,2,0.811,169,6,1,2,11,1,0.806,6,170,0.554,2,0,8,7,0,0.514,0,16623,0.486,4,广东华南虎,浙江绿城
8,0.362,15,4,0.693,254,13,1,0,21,3,0.832,12,469,0.638,0,0,17,5,0,0.61,0,16625,0.39,3,辽宁沈阳宏运,呼和浩特
3,0.4,8,2,0.622,90,6,0,1,14,1,0.833,8,168,0.6,0,0,6,3,0,0.609,0,16625,0.391,0,辽宁沈阳宏运,呼和浩特
5,0.337,7,2,0.732,164,7,1,2,7,2,0.831,4,301,0.663,0,0,11,2,0,0.61,0,16625,0.39,3,辽宁沈阳宏运,呼和浩特
7,0.438,20,4,0.771,279,12,2,0,26,2,0.812,9,388,0.562,0,0,8,3,0,0.541,0,16628,0.459,2,四川FC,陕西大秦之水
4,0.503,8,3,0.734,143,7,0,1,9,0,0.846,3,208,0.497,0,0,3,1,0,0.551,0,16628,0.449,2,四川FC,陕西大秦之水
3,0.376,12,1,0.809,136,5,2,2,17,2,0.772,6,180,0.624,0,0,5,2,0,0.532,0,16628,0.468,0,四川FC,陕西大秦之水
4,0.38,14,3,0.692,302,4,2,0,14,2,0.752,6,391,0.62,2,1,18,5,1,0.554,0,16632,0.446,8,新疆雪豹纳欢,广东华南虎
1,0.306,7,0,0.696,158,3,1,1,7,1,0.787,2,277,0.694,1,0,7,3,0,0.613,0,16632,0.387,3,新疆雪豹纳欢,广东华南虎
3,0.505,7,3,0.688,144,1,1,2,7,1,0.667,4,114,0.495,1,1,11,2,1,0.462,0,16632,0.538,5,新疆雪豹纳欢,广东华南虎
4,0.392,18,0,0.65,257,4,0,0,21,2,0.716,11,352,0.608,0,0,16,6,0,0.541,0,16631,0.459,4,黑龙江FC,陕西大秦之水
3,0.48,11,0,0.711,166,2,0,1,9,2,0.704,2,186,0.52,0,0,7,4,0,0.524,0,16631,0.476,2,黑龙江FC,陕西大秦之水
1,0.295,7,0,0.538,91,2,0,2,12,0,0.729,9,166,0.705,0,0,9,2,0,0.562,0,16631,0.438,2,黑龙江FC,陕西大秦之水
5,0.46,13,8,0.779,367,11,1,0,11,4,0.799,5,408,0.54,3,1,13,10,0,0.547,0,16634,0.453,6,北京北体大,梅州客家
4,0.406,6,1,0.772,149,5,1,1,7,1,0.8,5,185,0.594,2,1,5,8,0,0.574,0,16634,0.426,2,北京北体大,梅州客家
1,0.507,7,7,0.784,218,6,0,2,4,3,0.798,0,223,0.493,1,0,8,2,0,0.526,0,16634,0.474,4,北京北体大,梅州客家
5,0.394,14,1,0.774,337,6,0,0,21,1,0.817,8,447,0.606,1,0,10,5,0,0.555,0,16637,0.445,3,呼和浩特,四川FC
3,0.288,6,0,0.774,168,2,0,1,10,1,0.84,5,275,0.712,0,0,5,4,0,0.592,0,16637,0.408,0,呼和浩特,四川FC
2,0.54,8,1,0.775,169,4,0,2,11,0,0.779,3,172,0.46,1,0,5,1,0,0.51,0,16637,0.49,3,呼和浩特,四川FC
5,0.557,17,2,0.775,405,6,1,0,23,3,0.774,10,349,0.443,1,0,16,5,0,0.484,0,16638,0.516,4,青岛黄海,浙江绿城
2,0.651,9,1,0.823,260,4,1,1,8,3,0.793,4,179,0.349,1,0,8,2,0,0.438,0,16638,0.562,3,青岛黄海,浙江绿城
3,0.442,8,1,0.69,145,2,0,2,15,0,0.753,6,170,0.558,0,0,8,3,0,0.539,0,16638,0.461,1,青岛黄海,浙江绿城
9,0.503,21,4,0.687,259,16,2,0,16,4,0.706,7,320,0.497,2,0,14,5,0,0.53,0,16636,0.47,4,南通支云,石家庄永昌
7,0.611,14,3,0.674,135,5,0,1,7,0,0.661,3,118,0.389,0,0,7,2,0,0.48,0,16636,0.52,2,南通支云,石家庄永昌
2,0.413,7,1,0.702,124,11,2,2,9,4,0.733,4,202,0.587,2,0,7,3,0,0.57,0,16636,0.43,2,南通支云,石家庄永昌
9,0.249,19,1,0.706,214,6,1,0,11,3,0.789,2,450,0.751,1,0,16,10,0,0.585,0,16635,0.415,4,长春亚泰,上海申鑫
5,0.331,10,1,0.732,112,3,1,1,6,1,0.796,1,196,0.669,1,0,4,3,0,0.544,0,16635,0.456,2,长春亚泰,上海申鑫
4,0.197,9,0,0.676,102,3,0,2,5,2,0.783,1,254,0.803,0,0,12,7,0,0.616,0,16635,0.384,2,长春亚泰,上海申鑫
4,0.428,15,2,0.68,250,10,1,0,28,6,0.828,12,412,0.572,1,0,10,4,0,0.564,0,16633,0.436,3,辽宁沈阳宏运,贵州恒丰
1,0.377,5,1,0.713,115,4,0,1,13,1,0.815,4,184,0.623,0,0,7,3,0,0.57,0,16633,0.43,1,辽宁沈阳宏运,贵州恒丰
3,0.466,10,1,0.652,135,6,1,2,15,5,0.838,8,228,0.534,1,0,3,1,0,0.559,0,16633,0.441,2,辽宁沈阳宏运,贵州恒丰
10,0.29,17,1,0.597,191,9,0,0,28,5,0.787,8,478,0.71,0,0,6,4,0,0.642,0,16639,0.358,2,青岛黄海,陕西大秦之水
6,0.295,8,0,0.624,109,2,0,1,14,2,0.783,6,240,0.705,0,0,2,3,0,0.644,0,16639,0.356,0,青岛黄海,陕西大秦之水
4,0.284,9,1,0.561,82,7,0,2,14,3,0.79,2,238,0.716,0,0,4,1,0,0.639,0,16639,0.361,2,青岛黄海,陕西大秦之水
10,0.481,23,7,0.559,254,10,1,0,18,1,0.58,6,238,0.519,1,1,16,7,0,0.499,0,16645,0.501,6,黑龙江FC,浙江绿城
6,0.475,8,4,0.559,127,5,1,1,8,1,0.541,4,111,0.525,1,1,10,5,0,0.486,0,16645,0.514,4,黑龙江FC,浙江绿城
4,0.487,15,3,0.559,127,5,0,2,10,0,0.614,2,127,0.513,0,0,6,2,0,0.512,0,16645,0.488,2,黑龙江FC,浙江绿城
6,0.315,13,4,0.716,296,7,1,0,14,2,0.768,4,401,0.685,2,0,10,6,0,0.57,0,16646,0.43,3,长春亚泰,贵州恒丰
3,0.319,6,3,0.722,151,3,0,1,7,0,0.764,3,195,0.681,0,0,3,3,0,0.555,0,16646,0.445,0,长春亚泰,贵州恒丰
3,0.312,7,1,0.71,145,4,1,2,7,2,0.772,1,206,0.688,2,0,7,3,0,0.585,0,16646,0.415,3,长春亚泰,贵州恒丰
7,0.494,22,11,0.623,276,10,0,0,18,3,0.713,6,279,0.506,2,0,17,5,0,0.53,0,16641,0.47,8,新疆雪豹纳欢,梅州客家
4,0.482,13,7,0.634,153,6,0,1,7,2,0.706,2,143,0.518,2,0,10,5,0,0.529,0,16641,0.471,6,新疆雪豹纳欢,梅州客家
3,0.512,9,4,0.61,123,4,0,2,11,1,0.721,4,136,0.488,0,0,7,0,0,0.531,0,16641,0.469,2,新疆雪豹纳欢,梅州客家
8,0.621,11,5,0.835,467,8,0,0,11,4,0.859,5,405,0.379,5,0,26,5,0,0.494,0,16640,0.506,12,北京北体大,广东华南虎
7,0.503,9,2,0.812,192,6,0,1,6,3,0.827,3,156,0.497,4,0,20,4,0,0.497,0,16640,0.503,10,北京北体大,广东华南虎
1,0.71,2,3,0.851,275,2,0,2,5,1,0.88,2,249,0.29,1,0,6,1,0,0.491,0,16640,0.509,2,北京北体大,广东华南虎
5,0.296,15,3,0.719,260,13,2,0,23,4,0.773,10,291,0.704,3,0,14,6,1,0.521,0,16642,0.479,6,辽宁沈阳宏运,南通支云
1,0.283,7,1,0.745,149,3,0,1,8,0,0.763,3,169,0.717,1,0,7,3,0,0.514,0,16642,0.486,2,辽宁沈阳宏运,南通支云
4,0.308,8,2,0.685,111,10,2,2,15,4,0.787,7,122,0.692,2,0,7,3,1,0.531,0,16642,0.469,4,辽宁沈阳宏运,南通支云
8,0.658,16,7,0.825,423,9,0,0,17,1,0.812,3,346,0.342,2,0,4,2,0,0.5,0,16644,0.5,2,呼和浩特,石家庄永昌
2,0.641,8,5,0.825,211,2,0,1,9,0,0.824,1,204,0.359,1,0,3,1,0,0.521,0,16644,0.479,1,呼和浩特,石家庄永昌
6,0.673,8,2,0.825,212,7,0,2,8,1,0.796,2,142,0.327,1,0,1,1,0,0.478,0,16644,0.522,1,呼和浩特,石家庄永昌
3,0.247,15,3,0.704,230,6,1,0,11,4,0.795,6,453,0.753,1,1,14,8,0,0.618,0,16643,0.382,4,四川FC,上海申鑫
3,0.235,7,0,0.707,147,3,1,1,3,3,0.77,2,239,0.765,0,0,5,2,0,0.592,0,16643,0.408,2,四川FC,上海申鑫
0,0.258,8,3,0.699,83,3,0,2,8,1,0.822,4,214,0.742,1,1,9,6,0,0.647,0,16643,0.353,2,四川FC,上海申鑫
10,0.638,19,8,0.644,270,4,0,0,24,0,0.565,8,177,0.362,2,0,11,2,0,0.431,0,16648,0.569,4,贵州恒丰,梅州客家
4,0.766,10,5,0.661,124,1,0,1,14,0,0.512,3,80,0.234,1,0,6,0,0,0.422,0,16648,0.578,3,贵州恒丰,梅州客家
6,0.543,9,3,0.63,146,3,0,2,10,0,0.608,5,97,0.457,1,0,5,2,0,0.439,0,16648,0.561,1,贵州恒丰,梅州客家
2,0.52,16,6,0.769,360,14,5,0,19,8,0.731,8,308,0.48,2,1,19,8,1,0.465,0,16649,0.535,8,新疆雪豹纳欢,青岛黄海
1,0.556,11,3,0.832,184,6,3,1,9,4,0.742,5,128,0.444,1,0,8,5,1,0.43,0,16649,0.57,4,新疆雪豹纳欢,青岛黄海
1,0.484,5,3,0.705,176,8,2,2,10,4,0.722,3,180,0.516,1,1,11,3,0,0.496,0,16649,0.504,4,新疆雪豹纳欢,青岛黄海
3,0.446,18,3,0.736,314,3,0,0,13,0,0.79,7,348,0.554,3,0,7,1,0,0.54,0,16647,0.46,4,陕西大秦之水,辽宁沈阳宏运
1,0.349,8,2,0.726,146,1,0,1,6,0,0.814,4,194,0.651,0,0,2,1,0,0.572,0,16647,0.428,1,陕西大秦之水,辽宁沈阳宏运
2,0.522,10,1,0.744,168,2,0,2,7,0,0.76,3,154,0.478,3,0,5,0,0,0.507,0,16647,0.493,3,陕西大秦之水,辽宁沈阳宏运
8,0.377,17,5,0.735,309,11,1,0,8,2,0.8,4,404,0.623,3,0,18,8,1,0.562,0,16650,0.438,6,黑龙江FC,上海申鑫
4,0.274,9,0,0.748,155,5,1,1,2,2,0.832,1,238,0.726,2,0,10,6,0,0.587,0,16650,0.413,5,黑龙江FC,上海申鑫
4,0.476,8,5,0.721,154,6,0,2,6,0,0.753,3,166,0.524,1,0,8,2,1,0.531,0,16650,0.469,1,黑龙江FC,上海申鑫
11,0.65,15,6,0.814,388,12,0,0,16,2,0.721,3,276,0.35,1,0,10,2,0,0.446,0,16652,0.554,4,呼和浩特,北京北体大
6,0.647,7,4,0.832,190,7,0,1,7,0,0.722,1,133,0.353,0,0,5,0,0,0.446,0,16652,0.554,0,呼和浩特,北京北体大
5,0.651,8,2,0.798,198,5,0,2,9,2,0.72,2,143,0.349,1,0,5,2,0,0.446,0,16652,0.554,4,呼和浩特,北京北体大
4,0.607,14,5,0.79,372,12,1,0,16,4,0.649,6,228,0.393,2,0,15,3,0,0.403,0,16654,0.597,8,石家庄永昌,浙江绿城
4,0.663,8,2,0.781,183,5,0,1,8,1,0.612,3,116,0.337,0,0,3,1,0,0.384,0,16654,0.616,2,石家庄永昌,浙江绿城
0,0.564,6,3,0.799,189,7,1,2,8,3,0.688,3,112,0.436,2,0,12,2,0,0.419,0,16654,0.581,6,石家庄永昌,浙江绿城
5,0.644,16,5,0.788,378,15,1,0,15,4,0.727,9,315,0.356,0,0,7,1,0,0.458,0,16653,0.542,1,南通支云,长春亚泰
2,0.532,8,2,0.778,180,5,0,1,9,0,0.721,7,179,0.468,0,0,4,1,0,0.506,0,16653,0.494,1,南通支云,长春亚泰
3,0.744,8,3,0.798,198,10,1,2,6,4,0.735,2,136,0.256,0,0,3,0,0,0.408,0,16653,0.592,0,南通支云,长春亚泰
3,0.23,12,2,0.693,257,4,1,0,16,3,0.858,11,569,0.77,1,1,10,1,0,0.637,0,16651,0.363,4,广东华南虎,四川FC
1,0.225,5,1,0.738,126,3,1,1,11,3,0.86,9,257,0.775,0,0,6,1,0,0.624,0,16651,0.376,2,广东华南虎,四川FC
2,0.235,7,1,0.649,131,1,0,2,5,0,0.856,2,312,0.765,1,1,4,0,0,0.649,0,16651,0.351,2,广东华南虎,四川FC
4,0.341,14,4,0.61,205,11,2,0,13,3,0.789,3,413,0.659,2,0,20,4,0,0.571,0,16657,0.429,5,新疆雪豹纳欢,南通支云
2,0.265,8,2,0.571,98,3,1,1,9,2,0.77,2,200,0.735,1,0,8,3,0,0.6,0,16657,0.4,2,新疆雪豹纳欢,南通支云
2,0.416,6,2,0.645,107,8,1,2,4,1,0.808,1,213,0.584,1,0,12,1,0,0.545,0,16657,0.455,3,新疆雪豹纳欢,南通支云
8,0.57,24,4,0.638,304,7,0,0,19,1,0.643,6,283,0.43,1,0,14,1,0,0.485,0,16656,0.515,4,贵州恒丰,广东华南虎
5,0.581,13,4,0.633,147,3,0,1,8,0,0.633,3,139,0.419,1,0,6,1,0,0.483,0,16656,0.517,1,贵州恒丰,广东华南虎
3,0.561,11,0,0.643,157,4,0,2,11,1,0.653,3,144,0.439,0,0,8,0,0,0.486,0,16656,0.514,3,贵州恒丰,广东华南虎
5,0.546,17,4,0.74,412,10,0,0,11,6,0.644,8,292,0.454,1,0,11,1,0,0.455,0,16658,0.545,4,黑龙江FC,青岛黄海
3,0.577,8,3,0.747,225,3,0,1,4,2,0.624,3,141,0.423,0,0,3,0,0,0.42,0,16658,0.58,2,黑龙江FC,青岛黄海
2,0.516,9,1,0.733,187,7,0,2,7,4,0.662,5,151,0.484,1,0,8,1,0,0.491,0,16658,0.509,2,黑龙江FC,青岛黄海
2,0.558,12,9,0.752,323,21,2,0,13,7,0.752,6,314,0.442,0,0,15,6,0,0.52,0,16659,0.48,1,上海申鑫,石家庄永昌
1,0.62,8,4,0.769,199,9,0,1,5,2,0.74,2,154,0.38,0,0,6,2,0,0.482,0,16659,0.518,0,上海申鑫,石家庄永昌
1,0.489,4,5,0.726,124,12,2,2,8,5,0.762,4,160,0.511,0,0,9,4,0,0.563,0,16659,0.437,1,上海申鑫,石家庄永昌
3,0.563,6,11,0.873,510,13,0,0,14,3,0.814,5,334,0.437,0,0,8,1,0,0.409,0,16660,0.591,1,梅州客家,四川FC
2,0.454,2,1,0.844,237,5,0,1,7,3,0.802,3,202,0.546,0,0,5,1,0,0.469,0,16660,0.531,0,梅州客家,四川FC
1,0.68,4,10,0.897,273,8,0,2,7,0,0.833,2,132,0.32,0,0,3,0,0,0.345,0,16660,0.655,1,梅州客家,四川FC
7,0.463,13,2,0.767,360,13,3,0,13,5,0.753,8,397,0.537,1,0,11,5,0,0.528,0,16661,0.472,3,呼和浩特,长春亚泰
6,0.659,8,2,0.808,224,8,1,1,6,3,0.758,3,157,0.341,1,0,2,1,0,0.464,0,16661,0.536,1,呼和浩特,长春亚泰
1,0.266,5,0,0.699,136,5,2,2,7,2,0.75,5,240,0.734,0,0,9,4,0,0.59,0,16661,0.41,2,呼和浩特,长春亚泰
4,0.585,17,7,0.813,427,12,1,0,17,3,0.822,8,399,0.415,3,0,8,3,0,0.519,0,16662,0.481,5,北京北体大,辽宁沈阳宏运
2,0.563,8,5,0.818,214,8,0,1,6,2,0.836,3,207,0.437,2,0,3,0,0,0.537,0,16662,0.463,2,北京北体大,辽宁沈阳宏运
2,0.605,9,2,0.808,213,4,1,2,11,1,0.807,5,192,0.395,1,0,5,3,0,0.501,0,16662,0.499,3,北京北体大,辽宁沈阳宏运
2,0.332,15,2,0.617,193,12,1,0,9,2,0.783,6,424,0.668,0,2,20,7,0,0.613,0,16655,0.387,6,浙江绿城,陕西大秦之水
1,0.393,7,0,0.629,116,5,0,1,5,0,0.803,2,228,0.607,0,1,7,0,0,0.597,0,16655,0.403,0,浙江绿城,陕西大秦之水
1,0.277,8,2,0.597,77,7,1,2,4,2,0.76,4,196,0.723,0,1,13,7,0,0.63,0,16655,0.37,6,浙江绿城,陕西大秦之水
7,0.417,15,1,0.739,249,15,2,0,20,4,0.824,10,403,0.583,0,0,7,4,0,0.577,0,16663,0.423,1,南通支云,黑龙江FC
6,0.435,8,1,0.719,135,8,1,1,6,2,0.825,2,212,0.565,0,0,3,1,0,0.568,0,16663,0.432,0,南通支云,黑龙江FC
1,0.4,7,0,0.763,114,7,1,2,14,2,0.822,8,191,0.6,0,0,4,3,0,0.588,0,16663,0.412,1,南通支云,黑龙江FC
6,0.466,15,2,0.703,276,10,2,0,13,3,0.756,6,397,0.534,1,0,10,4,0,0.555,0,16669,0.445,1,四川FC,浙江绿城
3,0.496,7,1,0.708,154,4,1,1,5,1,0.74,4,173,0.504,0,0,5,1,0,0.499,0,16669,0.501,0,四川FC,浙江绿城
3,0.439,8,1,0.697,122,6,1,2,8,2,0.768,2,224,0.561,1,0,5,3,0,0.613,0,16669,0.387,1,四川FC,浙江绿城
3,0.43,18,1,0.808,370,7,1,0,10,1,0.817,6,437,0.57,5,0,21,6,0,0.541,0,16664,0.459,11,长春亚泰,梅州客家
1,0.218,6,0,0.7,110,0,0,1,6,0,0.84,2,294,0.782,3,0,10,4,0,0.658,0,16664,0.342,5,长春亚泰,梅州客家
2,0.616,12,1,0.854,260,7,1,2,4,1,0.769,4,143,0.384,2,0,11,2,0,0.426,0,16664,0.574,6,长春亚泰,梅州客家
8,0.309,16,2,0.681,204,8,1,0,22,4,0.801,14,397,0.691,0,0,18,7,0,0.581,0,16665,0.419,3,陕西大秦之水,呼和浩特
2,0.286,7,1,0.664,113,4,1,1,9,2,0.789,8,213,0.714,0,0,10,3,0,0.584,0,16665,0.416,2,陕西大秦之水,呼和浩特
6,0.329,9,1,0.703,91,4,0,2,13,2,0.815,6,184,0.671,0,0,8,4,0,0.578,0,16665,0.422,1,陕西大秦之水,呼和浩特
6,0.441,18,3,0.79,314,9,0,0,16,1,0.816,6,414,0.559,1,0,7,3,0,0.545,0,16666,0.455,2,广东华南虎,上海申鑫
1,0.434,6,1,0.8,175,3,0,1,9,0,0.825,4,234,0.566,0,0,4,1,0,0.556,0,16666,0.444,1,广东华南虎,上海申鑫
5,0.448,12,2,0.777,139,6,0,2,7,1,0.806,2,180,0.552,1,0,3,2,0,0.532,0,16666,0.468,1,广东华南虎,上海申鑫
7,0.457,19,4,0.675,277,7,1,0,21,3,0.742,10,329,0.543,1,0,13,8,0,0.541,0,16667,0.459,4,辽宁沈阳宏运,新疆雪豹纳欢
2,0.389,11,1,0.598,112,4,0,1,11,1,0.69,4,145,0.611,1,0,5,3,0,0.564,0,16667,0.436,2,辽宁沈阳宏运,新疆雪豹纳欢
5,0.505,8,3,0.727,165,3,1,2,10,2,0.783,6,184,0.495,0,0,8,5,0,0.523,0,16667,0.477,2,辽宁沈阳宏运,新疆雪豹纳欢
2,0.344,5,3,0.803,436,8,5,0,5,5,0.833,2,510,0.656,0,0,17,5,0,0.511,0,16668,0.489,3,石家庄永昌,北京北体大
1,0.417,3,2,0.833,234,5,3,1,2,3,0.849,1,238,0.583,0,0,8,2,0,0.481,0,16668,0.519,1,石家庄永昌,北京北体大
1,0.287,2,1,0.767,202,3,2,2,3,2,0.82,1,272,0.713,0,0,9,3,0,0.543,0,16668,0.457,2,石家庄永昌,北京北体大
3,0.571,21,2,0.76,329,6,0,0,19,2,0.699,5,286,0.429,1,0,5,5,0,0.461,0,16670,0.539,2,贵州恒丰,青岛黄海
0,0.554,9,1,0.791,191,3,0,1,7,1,0.711,0,166,0.446,0,0,2,2,0,0.469,0,16670,0.531,0,贵州恒丰,青岛黄海
3,0.592,12,1,0.717,138,3,0,2,12,1,0.683,5,120,0.408,1,0,3,3,0,0.452,0,16670,0.548,2,贵州恒丰,青岛黄海
4,0.577,15,4,0.727,341,14,4,0,13,8,0.719,4,320,0.423,3,0,12,4,0,0.501,0,16676,0.499,5,陕西大秦之水,石家庄永昌
1,0.547,8,2,0.704,162,5,1,1,5,2,0.751,1,189,0.453,2,0,7,3,0,0.54,0,16676,0.46,3,陕西大秦之水,石家庄永昌
3,0.611,7,2,0.749,179,9,3,2,8,6,0.672,3,131,0.389,1,0,5,1,0,0.455,0,16676,0.545,2,陕西大秦之水,石家庄永昌
3,0.341,10,4,0.802,379,6,0,0,13,2,0.804,9,392,0.659,2,0,13,7,0,0.52,0,16671,0.48,7,长春亚泰,广东华南虎
0,0.31,3,3,0.807,202,2,0,1,6,2,0.823,3,220,0.69,1,0,7,4,0,0.513,0,16671,0.487,5,长春亚泰,广东华南虎
3,0.369,7,1,0.797,177,4,0,2,7,0,0.779,6,172,0.631,1,0,6,3,0,0.528,0,16671,0.472,2,长春亚泰,广东华南虎
4,0.355,12,2,0.786,271,8,0,0,13,1,0.9,4,561,0.645,4,0,15,2,0,0.615,0,16675,0.385,7,青岛黄海,呼和浩特
1,0.375,6,0,0.783,129,4,0,1,7,0,0.898,2,313,0.625,1,0,10,1,0,0.63,0,16675,0.37,3,青岛黄海,呼和浩特
3,0.331,6,2,0.789,142,4,0,2,6,1,0.903,2,248,0.669,3,0,5,1,0,0.598,0,16675,0.402,4,青岛黄海,呼和浩特
4,0.556,4,3,0.804,496,14,3,0,19,6,0.785,8,437,0.444,5,0,12,4,0,0.485,0,16677,0.515,10,北京北体大,四川FC
1,0.547,1,0,0.829,286,6,1,1,10,2,0.828,4,273,0.453,3,0,8,1,0,0.495,0,16677,0.505,6,北京北体大,四川FC
3,0.567,3,3,0.771,210,8,2,2,9,4,0.713,4,164,0.433,2,0,4,3,0,0.47,0,16677,0.53,4,北京北体大,四川FC
4,0.578,21,5,0.758,318,10,1,0,15,5,0.687,6,246,0.422,4,1,9,5,0,0.503,0,16673,0.497,4,浙江绿城,辽宁沈阳宏运
2,0.416,10,1,0.709,117,1,0,1,9,0,0.699,6,143,0.584,2,0,5,3,0,0.579,0,16673,0.421,2,浙江绿城,辽宁沈阳宏运
2,0.708,11,4,0.786,201,9,1,2,6,5,0.67,0,103,0.292,2,1,4,2,0,0.444,0,16673,0.556,2,浙江绿城,辽宁沈阳宏运
5,0.288,17,2,0.503,157,10,1,0,23,2,0.707,6,355,0.712,1,0,15,8,1,0.616,0,16674,0.384,3,梅州客家,南通支云
3,0.372,9,0,0.547,95,6,1,1,13,2,0.605,3,152,0.628,0,0,6,2,1,0.545,0,16674,0.455,1,梅州客家,南通支云
2,0.211,8,2,0.435,62,4,0,2,10,0,0.783,3,203,0.789,1,0,9,6,0,0.689,0,16674,0.311,2,梅州客家,南通支云
10,0.532,20,4,0.674,328,16,2,0,13,6,0.608,7,278,0.468,4,1,13,7,1,0.5,0,16678,0.5,5,黑龙江FC,新疆雪豹纳欢
6,0.515,9,3,0.65,157,5,1,1,4,2,0.601,3,148,0.485,3,1,6,6,1,0.498,0,16678,0.502,3,黑龙江FC,新疆雪豹纳欢
4,0.549,11,1,0.696,171,11,1,2,9,4,0.615,4,130,0.451,1,0,7,1,0,0.501,0,16678,0.499,2,黑龙江FC,新疆雪豹纳欢
8,0.612,20,7,0.799,493,13,1,0,16,3,0.747,2,348,0.388,0,0,4,4,0,0.419,0,16672,0.581,2,上海申鑫,贵州恒丰
3,0.526,8,2,0.832,285,9,1,1,7,2,0.771,1,210,0.474,0,0,1,3,0,0.435,0,16672,0.565,1,上海申鑫,贵州恒丰
5,0.712,12,5,0.755,208,4,0,2,9,1,0.71,1,138,0.288,0,0,3,1,0,0.398,0,16672,0.602,1,上海申鑫,贵州恒丰
6,0.376,15,7,0.769,316,19,3,0,18,9,0.712,7,295,0.624,2,1,15,8,0,0.477,0,16679,0.523,7,上海申鑫,陕西大秦之水
3,0.511,7,6,0.821,184,11,2,1,11,5,0.727,4,128,0.489,0,0,4,4,0,0.416,0,16679,0.584,1,上海申鑫,陕西大秦之水
3,0.258,8,1,0.697,132,8,1,2,7,4,0.701,3,167,0.742,2,1,11,4,0,0.54,0,16679,0.46,6,上海申鑫,陕西大秦之水
9,0.588,20,10,0.693,283,6,0,0,24,3,0.716,9,278,0.412,2,0,5,1,0,0.503,0,16680,0.497,3,贵州恒丰,黑龙江FC
4,0.526,10,5,0.661,124,1,0,1,14,0,0.673,4,153,0.474,1,0,3,1,0,0.531,0,16680,0.469,2,贵州恒丰,黑龙江FC
5,0.653,10,5,0.717,159,5,0,2,10,3,0.768,5,125,0.347,1,0,2,0,0,0.475,0,16680,0.525,1,贵州恒丰,黑龙江FC
6,0.538,14,2,0.772,302,19,2,0,18,6,0.806,6,402,0.462,3,0,12,4,1,0.555,0,16682,0.445,4,广东华南虎,南通支云
2,0.443,6,2,0.733,116,9,1,1,14,3,0.783,5,184,0.557,2,0,4,1,1,0.61,0,16682,0.39,2,广东华南虎,南通支云
4,0.609,8,0,0.796,186,10,1,2,4,3,0.826,1,218,0.391,1,0,8,3,0,0.51,0,16682,0.49,2,广东华南虎,南通支云
3,0.421,12,3,0.8,404,9,0,0,12,4,0.779,9,358,0.579,1,0,10,8,0,0.462,0,16685,0.538,5,石家庄永昌,青岛黄海
2,0.476,9,3,0.82,217,3,0,1,6,2,0.796,5,181,0.524,0,0,5,2,0,0.442,0,16685,0.558,1,石家庄永昌,青岛黄海
1,0.371,3,0,0.775,187,6,0,2,6,2,0.763,4,177,0.629,1,0,5,6,0,0.483,0,16685,0.517,4,石家庄永昌,青岛黄海
6,0.394,13,0,0.719,285,11,1,0,11,2,0.771,7,462,0.606,0,0,5,2,1,0.57,0,16686,0.43,1,北京北体大,长春亚泰
4,0.487,8,0,0.745,188,5,1,1,5,1,0.729,4,203,0.513,0,0,0,0,1,0.513,0,16686,0.487,0,北京北体大,长春亚泰
2,0.324,5,0,0.67,97,6,0,2,6,1,0.803,3,259,0.676,0,0,5,2,0,0.626,0,16686,0.374,1,北京北体大,长春亚泰
3,0.427,15,4,0.697,261,16,3,0,20,8,0.757,8,382,0.573,2,0,20,4,0,0.542,0,16683,0.458,6,新疆雪豹纳欢,呼和浩特
1,0.481,7,3,0.697,145,7,1,1,12,3,0.751,5,177,0.519,1,0,8,2,0,0.528,0,16683,0.472,3,新疆雪豹纳欢,呼和浩特
2,0.382,8,1,0.698,116,9,2,2,8,5,0.761,3,205,0.618,1,0,12,2,0,0.556,0,16683,0.444,3,新疆雪豹纳欢,呼和浩特
6,0.557,18,9,0.733,311,8,2,0,16,2,0.6,6,215,0.443,1,0,8,6,0,0.445,0,16684,0.555,2,梅州客家,浙江绿城
4,0.371,10,2,0.71,145,2,0,1,7,0,0.651,6,129,0.629,0,0,6,4,0,0.498,0,16684,0.502,1,梅州客家,浙江绿城
2,0.711,8,7,0.753,166,6,2,2,9,2,0.523,0,86,0.289,1,0,2,2,0,0.387,0,16684,0.613,1,梅州客家,浙江绿城
5,0.495,21,11,0.69,268,11,2,0,16,4,0.791,6,369,0.505,3,1,11,3,0,0.55,0,16681,0.45,6,四川FC,辽宁沈阳宏运
4,0.479,11,6,0.678,118,6,1,1,7,3,0.794,2,204,0.521,0,0,3,2,0,0.575,0,16681,0.425,0,四川FC,辽宁沈阳宏运
1,0.51,10,5,0.7,150,5,1,2,9,1,0.788,4,165,0.49,3,1,8,1,0,0.525,0,16681,0.475,6,四川FC,辽宁沈阳宏运
7,0.66,11,5,0.758,401,10,1,0,11,4,0.655,7,194,0.34,2,1,12,3,0,0.418,0,16692,0.582,7,陕西大秦之水,北京北体大
4,0.558,6,3,0.723,166,3,0,1,8,2,0.67,6,100,0.442,1,1,8,3,0,0.463,0,16692,0.537,5,陕西大秦之水,北京北体大
3,0.737,5,2,0.783,235,7,1,2,3,2,0.638,1,94,0.263,1,0,4,0,0,0.379,0,16692,0.621,2,陕西大秦之水,北京北体大
4,0.507,13,3,0.736,383,16,2,0,17,6,0.703,7,370,0.493,0,0,10,3,0,0.5,0,16689,0.5,3,辽宁沈阳宏运,石家庄永昌
3,0.398,10,0,0.656,151,6,0,1,5,1,0.721,2,190,0.602,0,0,7,3,0,0.564,0,16689,0.436,2,辽宁沈阳宏运,石家庄永昌
1,0.579,3,3,0.789,232,10,2,2,12,5,0.683,5,180,0.421,0,0,3,0,0,0.447,0,16689,0.553,1,辽宁沈阳宏运,石家庄永昌
7,0.517,14,4,0.795,371,14,1,0,18,4,0.834,8,446,0.483,3,0,11,4,0,0.529,0,16690,0.471,5,青岛黄海,四川FC
3,0.492,5,1,0.78,186,5,1,1,9,2,0.844,4,276,0.508,3,0,8,3,0,0.561,0,16690,0.439,5,青岛黄海,四川FC
4,0.545,9,3,0.811,185,9,0,2,9,2,0.818,4,170,0.455,0,0,3,1,0,0.494,0,16690,0.506,0,青岛黄海,四川FC
3,0.604,9,11,0.828,401,16,4,0,12,10,0.78,8,259,0.396,1,0,6,2,0,0.424,0,16693,0.576,3,浙江绿城,贵州恒丰
1,0.458,6,5,0.763,156,5,1,1,2,3,0.805,0,169,0.542,1,0,3,1,0,0.51,0,16693,0.49,1,浙江绿城,贵州恒丰
2,0.743,3,6,0.869,245,11,3,2,10,7,0.733,8,90,0.257,0,0,3,1,0,0.343,0,16693,0.657,2,浙江绿城,贵州恒丰
4,0.378,12,2,0.637,157,9,3,0,16,6,0.821,6,418,0.622,2,1,13,7,0,0.654,0,16694,0.346,3,广东华南虎,梅州客家
2,0.442,5,2,0.525,61,6,2,1,10,4,0.809,4,194,0.558,0,0,6,5,0,0.657,0,16694,0.343,0,广东华南虎,梅州客家
2,0.323,7,0,0.708,96,3,1,2,6,2,0.83,2,224,0.677,2,1,7,2,0,0.651,0,16694,0.349,3,广东华南虎,梅州客家
4,0.301,16,2,0.667,234,7,2,0,17,6,0.751,8,381,0.699,1,0,25,14,1,0.602,0,16688,0.398,6,南通支云,上海申鑫
2,0.273,11,0,0.656,122,2,0,1,9,1,0.722,5,176,0.727,0,0,7,9,0,0.577,0,16688,0.423,2,南通支云,上海申鑫
2,0.322,5,2,0.679,112,5,2,2,8,5,0.776,3,205,0.678,1,0,18,5,1,0.627,0,16688,0.373,4,南通支云,上海申鑫
3,0.55,11,4,0.801,372,12,2,0,22,4,0.739,3,318,0.45,0,1,13,4,0,0.479,0,16687,0.521,5,呼和浩特,黑龙江FC
3,0.629,8,2,0.804,209,7,0,1,10,1,0.713,1,143,0.371,0,0,2,1,0,0.435,0,16687,0.565,1,呼和浩特,黑龙江FC
0,0.472,3,2,0.798,163,5,2,2,12,3,0.76,2,175,0.528,0,1,11,3,0,0.525,0,16687,0.475,4,呼和浩特,黑龙江FC
5,0.366,14,3,0.733,285,11,2,0,16,5,0.751,10,381,0.634,1,0,20,8,1,0.549,0,16691,0.451,3,长春亚泰,新疆雪豹纳欢
4,0.322,10,0,0.747,170,5,1,1,7,2,0.732,3,194,0.678,1,0,7,3,0,0.517,0,16691,0.483,2,长春亚泰,新疆雪豹纳欢
1,0.41,4,3,0.713,115,6,1,2,9,3,0.77,7,187,0.59,0,0,13,5,1,0.582,0,16691,0.418,1,长春亚泰,新疆雪豹纳欢
5,0.4,15,3,0.882,424,10,0,0,15,3,0.848,7,387,0.6,1,1,11,9,0,0.457,0,16695,0.543,2,梅州客家,陕西大秦之水
3,0.449,8,2,0.857,217,3,0,1,10,1,0.83,5,176,0.551,1,1,4,3,0,0.432,0,16695,0.568,1,梅州客家,陕西大秦之水
2,0.365,7,1,0.908,207,7,0,2,5,2,0.863,2,211,0.635,0,0,7,6,0,0.479,0,16695,0.521,1,梅州客家,陕西大秦之水
3,0.377,13,3,0.818,384,8,2,0,20,4,0.815,6,437,0.623,3,0,18,7,1,0.52,0,16696,0.48,6,青岛黄海,广东华南虎
1,0.273,9,0,0.823,186,3,1,1,9,1,0.829,4,240,0.727,2,0,9,1,1,0.564,0,16696,0.436,3,青岛黄海,广东华南虎
2,0.461,4,3,0.813,198,5,1,2,11,3,0.797,2,197,0.539,1,0,9,6,0,0.476,0,16696,0.524,3,青岛黄海,广东华南虎
5,0.406,12,5,0.721,287,13,4,0,14,6,0.742,10,399,0.594,1,1,18,7,0,0.528,0,16699,0.472,3,上海申鑫,辽宁沈阳宏运
3,0.521,7,2,0.747,198,6,2,1,8,4,0.693,4,176,0.479,0,0,7,2,0,0.47,0,16699,0.53,1,上海申鑫,辽宁沈阳宏运
2,0.291,5,3,0.663,89,7,2,2,6,2,0.78,6,223,0.709,1,1,11,5,0,0.588,0,16699,0.412,2,上海申鑫,辽宁沈阳宏运
4,0.421,12,5,0.708,312,8,0,0,17,1,0.823,8,492,0.579,2,0,8,3,0,0.595,0,16700,0.405,3,浙江绿城,呼和浩特
3,0.491,7,2,0.73,163,4,0,1,6,1,0.8,3,200,0.509,2,0,6,2,0,0.544,0,16700,0.456,3,浙江绿城,呼和浩特
1,0.371,5,3,0.685,149,4,0,2,11,0,0.839,5,292,0.629,0,0,2,1,0,0.637,0,16700,0.363,0,浙江绿城,呼和浩特
7,0.459,21,1,0.715,330,14,1,0,18,4,0.771,7,393,0.541,3,0,17,3,0,0.55,0,16701,0.45,6,北京北体大,新疆雪豹纳欢
1,0.356,8,1,0.689,132,4,1,1,15,2,0.783,6,221,0.644,1,0,7,1,0,0.601,0,16701,0.399,3,北京北体大,新疆雪豹纳欢
6,0.528,13,0,0.732,198,10,0,2,3,2,0.756,1,172,0.472,2,0,10,2,0,0.506,0,16701,0.494,3,北京北体大,新疆雪豹纳欢
8,0.551,13,6,0.743,374,16,2,0,13,5,0.732,4,310,0.449,3,1,15,8,1,0.45,0,16702,0.55,9,石家庄永昌,长春亚泰
6,0.514,8,0,0.751,177,5,0,1,6,0,0.723,2,173,0.486,0,0,8,7,0,0.461,0,16702,0.539,4,石家庄永昌,长春亚泰
2,0.587,5,6,0.736,197,11,2,2,7,5,0.745,2,137,0.413,3,1,7,1,1,0.44,0,16702,0.56,5,石家庄永昌,长春亚泰
9,0.715,15,8,0.809,540,23,2,0,10,7,0.638,5,265,0.285,1,0,12,3,0,0.366,0,16697,0.634,7,南通支云,贵州恒丰
6,0.716,8,2,0.818,286,10,0,1,4,1,0.634,3,131,0.284,0,0,4,3,0,0.351,0,16697,0.649,3,南通支云,贵州恒丰
3,0.714,7,6,0.799,254,13,2,2,6,6,0.642,2,134,0.286,1,0,8,0,0,0.38,0,16697,0.62,4,南通支云,贵州恒丰
5,0.613,13,4,0.695,367,12,0,0,12,3,0.626,5,219,0.387,2,1,9,2,1,0.44,0,16698,0.56,3,四川FC,黑龙江FC
1,0.595,5,4,0.695,174,7,0,1,5,1,0.63,3,100,0.405,2,1,6,2,0,0.445,0,16698,0.555,3,四川FC,黑龙江FC
4,0.626,8,0,0.694,193,5,0,2,7,2,0.622,2,119,0.374,0,0,3,0,1,0.436,0,16698,0.564,0,四川FC,黑龙江FC
8,0.505,19,4,0.708,359,11,2,0,14,7,0.718,6,387,0.495,3,0,13,3,1,0.53,0,16706,0.47,7,黑龙江FC,石家庄永昌
3,0.586,8,2,0.737,198,6,1,1,8,4,0.71,3,155,0.414,1,0,6,0,1,0.482,0,16706,0.518,2,黑龙江FC,石家庄永昌
5,0.434,11,2,0.671,161,5,1,2,6,3,0.724,3,232,0.566,2,0,7,3,0,0.573,0,16706,0.427,5,黑龙江FC,石家庄永昌
6,0.571,17,3,0.745,388,14,3,0,18,5,0.666,7,287,0.429,2,0,12,2,0,0.456,0,16709,0.544,2,新疆雪豹纳欢,浙江绿城
2,0.537,6,2,0.745,188,4,1,1,9,1,0.707,4,150,0.463,1,0,8,2,0,0.459,0,16709,0.541,1,新疆雪豹纳欢,浙江绿城
4,0.598,11,1,0.745,200,10,2,2,9,4,0.62,3,137,0.402,1,0,4,0,0,0.454,0,16709,0.546,1,新疆雪豹纳欢,浙江绿城
5,0.417,19,4,0.717,293,6,0,0,14,2,0.849,6,502,0.583,1,0,9,10,0,0.616,0,16704,0.384,4,青岛黄海,梅州客家
2,0.276,10,3,0.737,133,4,0,1,5,2,0.892,4,269,0.724,1,0,5,8,0,0.644,0,16704,0.356,3,青岛黄海,梅州客家
3,0.557,9,1,0.7,160,2,0,2,9,0,0.798,2,233,0.443,0,0,4,2,0,0.587,0,16704,0.413,1,青岛黄海,梅州客家
9,0.579,19,7,0.714,297,18,1,0,18,5,0.792,5,327,0.421,1,0,10,2,1,0.547,0,16705,0.453,2,呼和浩特,南通支云
4,0.626,11,3,0.738,168,5,0,1,11,0,0.827,2,197,0.374,0,0,3,0,0,0.556,0,16705,0.444,0,呼和浩特,南通支云
5,0.536,8,4,0.682,129,13,1,2,7,5,0.738,3,130,0.464,1,0,7,2,1,0.535,0,16705,0.465,2,呼和浩特,南通支云
5,0.321,16,0,0.536,183,7,2,0,21,4,0.737,9,354,0.679,1,1,12,5,0,0.583,0,16707,0.417,7,贵州恒丰,四川FC
2,0.365,7,0,0.573,110,4,1,1,5,1,0.782,2,197,0.635,1,1,6,2,0,0.589,0,16707,0.411,3,贵州恒丰,四川FC
3,0.272,9,0,0.479,73,3,1,2,16,3,0.682,7,157,0.728,0,0,6,3,0,0.575,0,16707,0.425,4,贵州恒丰,四川FC
4,0.495,8,7,0.87,478,16,2,0,16,7,0.804,7,419,0.505,1,0,14,5,0,0.454,0,16708,0.546,5,上海申鑫,北京北体大
3,0.624,4,3,0.889,288,9,2,1,5,4,0.745,2,165,0.376,0,0,4,2,0,0.361,0,16708,0.639,1,上海申鑫,北京北体大
1,0.379,4,4,0.842,190,7,0,2,11,3,0.843,5,254,0.621,1,0,10,3,0,0.541,0,16708,0.459,4,上海申鑫,北京北体大
8,0.489,15,4,0.681,342,13,2,0,25,6,0.682,13,308,0.511,1,0,16,7,0,0.471,0,16710,0.529,3,辽宁沈阳宏运,长春亚泰
3,0.495,7,2,0.721,197,6,1,1,14,2,0.725,8,171,0.505,1,0,7,3,0,0.464,0,16710,0.536,1,辽宁沈阳宏运,长春亚泰
5,0.481,8,2,0.628,145,7,1,2,11,4,0.628,5,137,0.519,0,0,9,4,0,0.479,0,16710,0.521,2,辽宁沈阳宏运,长春亚泰
4,0.327,14,4,0.598,219,7,1,0,11,3,0.793,3,512,0.673,0,0,7,2,0,0.584,0,16703,0.416,1,广东华南虎,陕西大秦之水
3,0.323,7,3,0.6,95,6,1,1,2,2,0.854,2,247,0.677,0,0,3,1,0,0.62,0,16703,0.38,0,广东华南虎,陕西大秦之水
1,0.332,7,1,0.597,124,1,0,2,9,1,0.736,1,265,0.668,0,0,4,1,0,0.555,0,16703,0.445,1,广东华南虎,陕西大秦之水
11,0.518,20,15,0.628,269,14,0,0,17,5,0.64,10,225,0.482,1,0,12,1,0,0.512,0,16712,0.488,4,陕西大秦之水,贵州恒丰
3,0.411,8,5,0.522,134,1,0,1,9,0,0.639,6,147,0.589,1,0,8,1,0,0.548,0,16712,0.452,3,陕西大秦之水,贵州恒丰
8,0.607,12,10,0.733,135,13,0,2,8,5,0.641,4,78,0.393,0,0,4,0,0,0.476,0,16712,0.524,1,陕西大秦之水,贵州恒丰
4,0.332,16,4,0.576,184,9,0,0,16,2,0.706,10,272,0.668,0,0,16,7,0,0.564,0,16717,0.436,4,四川FC,南通支云
1,0.393,5,4,0.596,94,6,0,1,6,2,0.699,3,136,0.607,0,0,8,4,0,0.556,0,16717,0.444,2,四川FC,南通支云
3,0.285,11,0,0.556,90,3,0,2,10,0,0.713,7,136,0.715,0,0,8,3,0,0.572,0,16717,0.428,2,四川FC,南通支云
7,0.393,18,3,0.685,257,12,3,0,16,5,0.724,10,337,0.607,4,0,18,7,1,0.52,0,16714,0.48,8,新疆雪豹纳欢,上海申鑫
3,0.363,10,1,0.624,133,3,1,1,5,1,0.71,3,207,0.637,1,0,7,5,1,0.531,0,16714,0.469,4,新疆雪豹纳欢,上海申鑫
4,0.43,8,2,0.75,124,9,2,2,11,4,0.746,7,130,0.57,3,0,11,2,0,0.506,0,16714,0.494,4,新疆雪豹纳欢,上海申鑫
8,0.545,17,4,0.825,423,9,1,0,18,1,0.751,6,378,0.455,1,0,13,3,0,0.487,0,16713,0.513,3,呼和浩特,梅州客家
3,0.539,9,3,0.843,223,5,0,1,7,0,0.753,1,223,0.461,1,0,5,1,0,0.512,0,16713,0.488,1,呼和浩特,梅州客家
5,0.551,8,1,0.805,200,4,1,2,11,1,0.748,5,155,0.449,0,0,8,2,0,0.459,0,16713,0.541,2,呼和浩特,梅州客家
5,0.425,17,8,0.698,265,13,1,0,13,4,0.812,7,426,0.575,2,0,9,4,0,0.583,0,16715,0.417,3,浙江绿城,北京北体大
2,0.372,7,3,0.698,116,6,1,1,8,3,0.836,4,232,0.628,0,0,4,4,0,0.627,0,16715,0.373,1,浙江绿城,北京北体大
3,0.464,10,5,0.698,149,7,0,2,5,1,0.784,3,194,0.536,2,0,5,0,0,0.54,0,16715,0.46,2,浙江绿城,北京北体大
6,0.44,17,4,0.78,359,10,1,0,18,3,0.741,9,344,0.56,1,0,8,5,0,0.491,0,16718,0.509,1,长春亚泰,青岛黄海
4,0.484,12,3,0.809,194,6,1,1,8,3,0.757,2,169,0.516,1,0,2,1,0,0.472,0,16718,0.528,1,长春亚泰,青岛黄海
2,0.406,5,1,0.745,165,4,0,2,10,0,0.726,7,175,0.594,0,0,6,4,0,0.509,0,16718,0.491,0,长春亚泰,青岛黄海
3,0.236,10,0,0.706,228,7,1,0,18,4,0.808,12,543,0.764,0,0,26,11,0,0.622,0,16711,0.378,8,石家庄永昌,广东华南虎
1,0.321,5,0,0.786,159,4,1,1,11,3,0.793,9,227,0.679,0,0,11,7,0,0.563,0,16711,0.437,2,石家庄永昌,广东华南虎
2,0.162,5,0,0.522,69,3,0,2,7,1,0.82,3,316,0.838,0,0,15,4,0,0.677,0,16711,0.323,6,石家庄永昌,广东华南虎
5,0.478,6,7,0.704,351,15,4,0,18,7,0.767,7,421,0.522,2,0,13,2,0,0.521,0,16716,0.479,4,辽宁沈阳宏运,黑龙江FC
2,0.415,3,1,0.693,176,6,3,1,9,5,0.746,3,197,0.585,1,0,7,0,0,0.527,0,16716,0.473,3,辽宁沈阳宏运,黑龙江FC
3,0.53,3,6,0.714,175,9,1,2,9,2,0.786,4,224,0.47,1,0,6,2,0,0.514,0,16716,0.486,1,辽宁沈阳宏运,黑龙江FC
7,0.31,15,3,0.697,271,6,0,0,18,2,0.796,12,421,0.69,1,0,14,7,0,0.6,0,16723,0.4,5,长春亚泰,四川FC
4,0.263,9,1,0.704,108,3,0,1,14,2,0.83,9,218,0.737,1,0,8,2,0,0.628,0,16723,0.372,2,长春亚泰,四川FC
3,0.351,6,2,0.693,163,3,0,2,4,0,0.759,3,203,0.649,0,0,6,5,0,0.575,0,16723,0.425,3,长春亚泰,四川FC
4,0.51,13,3,0.709,357,9,0,0,17,3,0.708,6,329,0.49,5,0,14,4,0,0.506,0,16724,0.494,6,贵州恒丰,新疆雪豹纳欢
4,0.381,8,1,0.607,122,2,0,1,13,1,0.654,4,156,0.619,2,0,5,3,0,0.548,0,16724,0.452,3,贵州恒丰,新疆雪豹纳欢
0,0.602,5,2,0.762,235,7,0,2,4,2,0.757,2,173,0.398,3,0,9,1,0,0.47,0,16724,0.53,3,贵州恒丰,新疆雪豹纳欢
4,0.36,10,3,0.76,313,8,1,0,14,4,0.863,9,524,0.64,3,0,24,4,0,0.596,0,16720,0.404,7,青岛黄海,辽宁沈阳宏运
2,0.266,2,0,0.738,130,4,1,1,8,2,0.885,6,314,0.734,0,0,14,3,0,0.652,0,16720,0.348,2,青岛黄海,辽宁沈阳宏运
2,0.451,8,3,0.776,183,4,0,2,6,2,0.829,3,210,0.549,3,0,10,1,0,0.531,0,16720,0.469,5,青岛黄海,辽宁沈阳宏运
5,0.475,11,4,0.744,332,9,0,0,13,3,0.778,6,418,0.525,1,0,12,11,0,0.532,0,16721,0.468,6,石家庄永昌,梅州客家
2,0.399,4,3,0.739,134,4,0,1,6,1,0.816,3,245,0.601,1,0,8,6,0,0.594,0,16721,0.406,3,石家庄永昌,梅州客家
3,0.538,7,1,0.747,198,5,0,2,7,2,0.723,3,173,0.462,0,0,4,5,0,0.468,0,16721,0.532,3,石家庄永昌,梅州客家
8,0.741,20,5,0.86,513,15,1,0,11,7,0.724,4,272,0.259,5,0,12,3,0,0.421,0,16722,0.579,7,呼和浩特,广东华南虎
3,0.706,6,0,0.868,287,5,1,1,6,2,0.715,2,144,0.294,3,0,7,1,0,0.397,0,16722,0.603,4,呼和浩特,广东华南虎
5,0.772,14,5,0.85,226,10,0,2,5,5,0.734,2,128,0.228,2,0,5,2,0,0.444,0,16722,0.556,3,呼和浩特,广东华南虎
11,0.521,20,4,0.861,453,11,2,0,26,4,0.742,7,275,0.479,1,0,11,8,1,0.414,0,16725,0.586,2,上海申鑫,浙江绿城
4,0.462,6,1,0.855,262,5,2,1,13,2,0.754,5,134,0.538,1,0,6,4,1,0.401,0,16725,0.599,2,上海申鑫,浙江绿城
7,0.583,14,3,0.869,191,6,0,2,13,2,0.73,2,141,0.417,0,0,5,4,0,0.429,0,16725,0.571,0,上海申鑫,浙江绿城
11,0.636,22,4,0.8,425,19,0,0,13,4,0.736,6,307,0.364,3,0,11,1,0,0.442,0,16719,0.558,5,南通支云,陕西大秦之水
3,0.587,10,3,0.846,221,8,0,1,8,1,0.789,5,152,0.413,1,0,5,0,0,0.454,0,16719,0.546,2,南通支云,陕西大秦之水
8,0.676,12,1,0.75,204,11,0,2,5,3,0.684,1,155,0.324,2,0,6,1,0,0.43,0,16719,0.57,3,南通支云,陕西大秦之水
7,0.459,12,4,0.768,358,15,2,0,18,3,0.65,10,223,0.541,2,1,21,5,0,0.446,0,16726,0.554,8,黑龙江FC,北京北体大
3,0.369,6,2,0.721,147,5,1,1,8,2,0.594,5,128,0.631,1,1,11,4,0,0.472,0,16726,0.528,5,黑龙江FC,北京北体大
4,0.549,6,2,0.801,211,10,1,2,10,1,0.726,5,95,0.451,1,0,10,1,0,0.42,0,16726,0.58,3,黑龙江FC,北京北体大
2,0.385,8,9,0.777,292,7,0,0,20,3,0.858,7,402,0.615,1,0,13,8,0,0.557,0,16730,0.443,7,青岛黄海,北京北体大
2,0.34,6,4,0.765,136,3,0,1,9,1,0.898,2,264,0.66,0,0,8,3,0,0.601,0,16730,0.399,4,青岛黄海,北京北体大
0,0.435,2,5,0.788,156,4,0,2,11,2,0.783,5,138,0.565,1,0,5,5,0,0.498,0,16730,0.502,3,青岛黄海,北京北体大
1,0.205,12,3,0.715,295,8,3,0,19,5,0.831,10,549,0.795,1,0,16,5,0,0.633,0,16727,0.367,7,辽宁沈阳宏运,广东华南虎
0,0.251,5,3,0.775,178,6,2,1,10,4,0.823,5,243,0.749,0,0,5,2,0,0.597,0,16727,0.403,2,辽宁沈阳宏运,广东华南虎
1,0.161,7,0,0.624,117,2,1,2,9,1,0.837,5,306,0.839,1,0,11,3,0,0.672,0,16727,0.328,5,辽宁沈阳宏运,广东华南虎
11,0.411,21,0,0.747,293,9,2,0,19,3,0.794,9,402,0.589,1,0,15,7,0,0.531,0,16728,0.469,5,梅州客家,黑龙江FC
4,0.502,9,0,0.783,189,5,2,1,9,3,0.77,5,183,0.498,0,0,6,3,0,0.473,0,16728,0.527,2,梅州客家,黑龙江FC
7,0.333,12,0,0.683,104,4,0,2,10,0,0.813,4,219,0.667,1,0,9,4,0,0.595,0,16728,0.405,3,梅州客家,黑龙江FC
2,0.377,13,5,0.648,219,6,2,0,19,2,0.794,6,428,0.623,1,0,18,9,0,0.603,0,16729,0.397,7,浙江绿城,南通支云
1,0.497,5,4,0.724,123,4,2,1,11,2,0.827,3,231,0.503,0,0,4,3,0,0.593,0,16729,0.407,2,浙江绿城,南通支云
1,0.28,8,1,0.552,96,2,0,2,8,0,0.756,3,197,0.72,1,0,14,6,0,0.613,0,16729,0.387,5,浙江绿城,南通支云
11,0.641,18,3,0.845,522,17,1,0,7,10,0.763,1,333,0.359,3,0,15,5,1,0.427,0,16731,0.573,10,呼和浩特,上海申鑫
6,0.622,9,1,0.866,268,7,0,1,3,4,0.793,0,188,0.378,2,0,9,2,0,0.432,0,16731,0.568,7,呼和浩特,上海申鑫
5,0.659,9,2,0.823,254,10,1,2,4,6,0.724,1,145,0.341,1,0,6,3,1,0.421,0,16731,0.579,3,呼和浩特,上海申鑫
10,0.398,19,2,0.698,291,13,2,0,9,4,0.71,4,328,0.602,4,1,25,6,1,0.505,0,16732,0.495,10,四川FC,新疆雪豹纳欢
2,0.309,8,1,0.674,138,6,1,1,4,2,0.669,2,160,0.691,1,0,12,4,0,0.513,0,16732,0.487,4,四川FC,新疆雪豹纳欢
8,0.48,11,1,0.719,153,7,1,2,5,2,0.75,2,168,0.52,3,1,13,2,1,0.496,0,16732,0.504,6,四川FC,新疆雪豹纳欢
8,0.355,14,3,0.643,224,13,1,0,13,4,0.752,7,371,0.645,2,1,18,9,0,0.585,0,16734,0.415,4,石家庄永昌,贵州恒丰
7,0.408,9,0,0.612,98,5,1,1,11,1,0.755,5,155,0.592,0,0,7,6,0,0.591,0,16734,0.409,1,石家庄永昌,贵州恒丰
1,0.318,5,3,0.667,126,8,0,2,2,3,0.75,2,216,0.682,2,1,11,3,0,0.58,0,16734,0.42,3,石家庄永昌,贵州恒丰
8,0.576,18,13,0.734,319,8,2,0,12,4,0.697,5,274,0.424,1,0,6,4,0,0.475,0,16733,0.525,4,陕西大秦之水,长春亚泰
3,0.592,8,7,0.748,159,4,1,1,9,2,0.667,5,126,0.408,1,0,4,3,0,0.456,0,16733,0.544,2,陕西大秦之水,长春亚泰
5,0.561,10,6,0.719,160,4,1,2,3,2,0.723,0,148,0.439,0,0,2,1,0,0.491,0,16733,0.509,2,陕西大秦之水,长春亚泰
7,0.397,13,4,0.724,297,15,1,0,14,5,0.723,8,350,0.603,1,0,15,9,0,0.513,0,16735,0.487,3,新疆雪豹纳欢,陕西大秦之水
4,0.206,8,2,0.624,101,3,0,1,6,1,0.759,4,199,0.794,0,0,8,8,0,0.581,0,16735,0.419,2,新疆雪豹纳欢,陕西大秦之水
3,0.556,5,2,0.776,196,12,1,2,8,4,0.675,4,151,0.444,1,0,7,1,0,0.453,0,16735,0.547,1,新疆雪豹纳欢,陕西大秦之水
5,0.397,16,1,0.812,377,9,3,0,24,5,0.839,10,510,0.603,2,0,14,3,0,0.538,0,16736,0.462,5,广东华南虎,黑龙江FC
4,0.471,9,0,0.802,177,3,1,1,14,2,0.83,7,224,0.529,0,0,7,2,0,0.534,0,16736,0.466,2,广东华南虎,黑龙江FC
1,0.318,7,1,0.82,200,6,2,2,10,3,0.846,3,286,0.682,2,0,7,1,0,0.543,0,16736,0.457,3,广东华南虎,黑龙江FC
6,0.521,15,8,0.737,319,12,3,0,9,5,0.703,5,320,0.479,2,1,10,7,0,0.506,0,16737,0.494,6,辽宁沈阳宏运,梅州客家
3,0.387,9,3,0.652,112,1,1,1,6,1,0.784,5,222,0.613,1,0,6,3,0,0.602,0,16737,0.398,4,辽宁沈阳宏运,梅州客家
3,0.63,6,5,0.783,207,11,2,2,3,4,0.52,0,98,0.37,1,1,4,4,0,0.398,0,16737,0.602,2,辽宁沈阳宏运,梅州客家
5,0.431,16,4,0.709,268,4,1,0,18,1,0.756,6,344,0.569,2,0,11,6,0,0.528,0,16738,0.472,5,贵州恒丰,呼和浩特
2,0.325,7,1,0.652,115,1,0,1,7,0,0.79,2,233,0.675,1,0,10,5,0,0.594,0,16738,0.406,4,贵州恒丰,呼和浩特
3,0.531,9,3,0.752,153,3,1,2,11,1,0.685,4,111,0.469,1,0,1,1,0,0.449,0,16738,0.551,1,贵州恒丰,呼和浩特
6,0.563,15,8,0.885,549,18,2,0,19,7,0.868,5,479,0.437,0,0,9,1,1,0.465,0,16739,0.535,4,上海申鑫,青岛黄海
2,0.63,6,5,0.87,293,7,1,1,10,3,0.829,3,211,0.37,0,0,4,0,1,0.44,0,16739,0.56,2,上海申鑫,青岛黄海
4,0.492,9,3,0.902,256,11,1,2,9,4,0.899,2,268,0.508,0,0,5,1,0,0.49,0,16739,0.51,2,上海申鑫,青岛黄海
7,0.55,19,8,0.717,343,14,3,0,12,6,0.713,6,289,0.45,2,1,17,6,2,0.474,0,16740,0.526,8,四川FC,石家庄永昌
2,0.578,6,3,0.704,142,7,2,1,7,3,0.694,3,111,0.422,1,1,7,2,2,0.478,0,16740,0.522,2,四川FC,石家庄永昌
5,0.533,13,5,0.726,201,7,1,2,5,3,0.725,3,178,0.467,1,0,10,4,0,0.471,0,16740,0.529,6,四川FC,石家庄永昌
2,0.416,7,3,0.747,367,11,0,0,13,1,0.798,4,387,0.584,0,0,25,4,0,0.514,0,16741,0.486,2,南通支云,北京北体大
1,0.418,3,0,0.794,199,3,0,1,10,0,0.833,4,210,0.582,0,0,13,0,0,0.499,0,16741,0.501,2,南通支云,北京北体大
1,0.415,4,3,0.69,168,8,0,2,3,1,0.757,0,177,0.585,0,0,12,4,0,0.531,0,16741,0.469,0,南通支云,北京北体大
6,0.371,16,2,0.585,207,2,1,0,21,0,0.63,9,270,0.629,1,0,12,9,0,0.567,0,16742,0.433,5,长春亚泰,浙江绿城
4,0.416,7,1,0.623,106,1,1,1,9,0,0.62,5,121,0.584,1,0,4,4,0,0.554,0,16742,0.446,3,长春亚泰,浙江绿城
2,0.338,9,1,0.545,101,1,0,2,12,0,0.638,4,149,0.662,0,0,8,5,0,0.578,0,16742,0.422,2,长春亚泰,浙江绿城
8,0.341,16,5,0.756,332,7,1,0,10,2,0.794,3,379,0.659,2,0,18,8,0,0.523,0,16743,0.477,6,浙江绿城,广东华南虎
2,0.324,5,3,0.746,185,2,0,1,5,0,0.733,2,176,0.676,0,0,7,6,0,0.477,0,16743,0.523,3,浙江绿城,广东华南虎
6,0.355,11,2,0.769,147,5,1,2,5,2,0.847,1,203,0.645,2,0,11,2,0,0.572,0,16743,0.428,3,浙江绿城,广东华南虎
7,0.621,12,10,0.735,377,16,0,0,17,4,0.716,5,285,0.379,1,0,7,5,0,0.459,0,16744,0.541,5,北京北体大,贵州恒丰
4,0.474,6,4,0.723,141,8,0,1,9,3,0.756,3,156,0.526,1,0,5,5,0,0.519,0,16744,0.481,5,北京北体大,贵州恒丰
3,0.729,6,6,0.742,236,8,0,2,8,1,0.667,2,129,0.271,0,0,2,0,0,0.413,0,16744,0.587,0,北京北体大,贵州恒丰
9,0.467,26,4,0.851,430,6,0,0,10,2,0.845,2,510,0.533,1,0,11,3,0,0.53,0,16745,0.47,3,呼和浩特,辽宁沈阳宏运
5,0.433,13,1,0.858,218,1,0,1,8,0,0.842,2,240,0.567,0,0,6,1,0,0.52,0,16745,0.48,2,呼和浩特,辽宁沈阳宏运
4,0.492,13,3,0.844,212,5,0,2,2,2,0.848,0,270,0.508,1,0,5,2,0,0.54,0,16745,0.46,1,呼和浩特,辽宁沈阳宏运
5,0.62,11,5,0.827,405,14,2,0,17,5,0.794,10,359,0.38,1,0,11,2,0,0.493,0,16746,0.507,3,青岛黄海,南通支云
5,0.605,7,3,0.805,205,8,0,1,6,3,0.755,4,196,0.395,0,0,6,1,0,0.494,0,16746,0.506,1,青岛黄海,南通支云
0,0.635,4,2,0.85,200,6,2,2,11,2,0.84,6,163,0.365,1,0,5,1,0,0.492,0,16746,0.508,2,青岛黄海,南通支云
9,0.533,20,5,0.859,510,15,0,0,14,3,0.84,4,443,0.467,2,0,6,4,0,0.478,0,16747,0.522,4,梅州客家,上海申鑫
3,0.44,9,3,0.844,199,9,0,1,7,1,0.863,3,248,0.56,0,0,1,2,0,0.556,0,16747,0.444,0,梅州客家,上海申鑫
6,0.604,11,2,0.868,311,6,0,2,7,2,0.81,1,195,0.396,2,0,5,2,0,0.405,0,16747,0.595,4,梅州客家,上海申鑫
6,0.638,12,10,0.749,343,19,3,0,12,8,0.783,5,277,0.362,6,1,13,2,0,0.489,0,16748,0.511,7,陕西大秦之水,四川FC
3,0.477,7,3,0.721,136,5,1,1,7,1,0.832,3,149,0.523,5,0,10,2,0,0.541,0,16748,0.459,6,陕西大秦之水,四川FC
3,0.764,5,7,0.768,207,14,2,2,5,7,0.727,2,128,0.236,1,1,3,0,0,0.443,0,16748,0.557,1,陕西大秦之水,四川FC
3,0.245,12,1,0.778,356,7,0,0,9,2,0.816,7,511,0.755,2,0,20,12,1,0.565,0,16749,0.435,7,石家庄永昌,新疆雪豹纳欢
0,0.231,7,0,0.794,194,2,0,1,4,0,0.79,4,271,0.769,0,0,10,7,0,0.538,0,16749,0.462,3,石家庄永昌,新疆雪豹纳欢
3,0.263,5,1,0.759,162,5,0,2,5,2,0.846,3,240,0.737,2,0,10,5,1,0.598,0,16749,0.402,4,石家庄永昌,新疆雪豹纳欢
13,0.572,24,7,0.629,251,15,1,0,20,7,0.68,9,256,0.428,4,0,12,3,0,0.487,0,16750,0.513,5,黑龙江FC,长春亚泰
5,0.574,11,4,0.609,138,6,0,1,9,1,0.635,6,148,0.426,1,0,4,2,0,0.502,0,16750,0.498,2,黑龙江FC,长春亚泰
8,0.568,13,3,0.655,113,9,1,2,11,6,0.741,3,108,0.432,3,0,8,1,0,0.467,0,16750,0.533,3,黑龙江FC,长春亚泰
