homeShotsOutPenaltyArea,homeAttThSucPaAccuracy,homeAttThPass,guestAttThSucPaAccuracy,guestKeyPasses,guestBreakThrows,guestShots,half,guestAttThPass,homeShots,guestShotsOnTargetObox,guestShotsInPenaltyArea,guestShotsOutPenaltyArea,guestCenter,guestShotsOnTargetIbox,homeBreakThrows,matchHalf,homeShotsInPenaltyArea,matchId,homeShotsOnTargetObox,homeKeyPasses,homeShotsOnTargetIbox,homeCenter,l_team,r_team
2,0.8,90,0.56,10,8,14,0,91,10,1,7,7,31,0,6,0,8,17301,0,7,3,7,广州恒大淘宝,上海绿地申花
0,0.733,30,0.469,3,3,6,1,49,4,1,3,3,17,0,4,0,4,17301,0,2,1,4,广州恒大淘宝,上海绿地申花
2,0.833,60,0.667,7,5,8,2,42,6,0,4,4,14,0,2,0,4,17301,0,5,2,3,广州恒大淘宝,上海绿地申花
3,0.618,68,0.576,1,7,4,0,59,8,0,2,2,13,0,8,0,5,17302,1,4,2,18,武汉卓尔,青岛黄海青港
0,0.562,32,0.556,0,3,1,1,27,1,0,0,1,7,0,5,0,1,17302,0,0,0,8,武汉卓尔,青岛黄海青港
3,0.667,36,0.594,1,4,3,2,32,7,0,2,1,6,0,3,0,4,17302,1,4,2,10,武汉卓尔,青岛黄海青港
4,0.633,98,0.707,7,6,15,0,133,12,1,7,8,25,3,6,0,8,17303,0,6,3,23,大连人,山东鲁能泰山
2,0.579,38,0.693,2,2,6,1,75,4,1,2,4,16,0,4,0,2,17303,0,1,1,7,大连人,山东鲁能泰山
2,0.667,60,0.724,5,4,9,2,58,8,0,5,4,9,3,2,0,6,17303,0,5,2,16,大连人,山东鲁能泰山
4,0.694,85,0.865,6,4,9,0,104,15,2,6,3,12,0,2,0,11,17304,1,11,4,18,深圳佳兆业,广州富力
3,0.64,50,0.846,3,2,5,1,39,9,1,4,1,4,0,1,0,6,17304,1,7,1,15,深圳佳兆业,广州富力
1,0.771,35,0.877,3,2,4,2,65,6,1,2,2,8,0,1,0,5,17304,0,4,3,3,深圳佳兆业,广州富力
4,0.612,49,0.67,9,6,12,0,100,8,3,7,5,23,1,7,0,4,17305,2,3,2,11,河北华夏幸福,石家庄永昌
2,0.649,37,0.61,2,3,4,1,41,3,1,2,2,9,0,4,0,1,17305,0,0,1,5,河北华夏幸福,石家庄永昌
2,0.5,12,0.712,7,3,8,2,59,5,2,5,3,14,1,3,0,3,17305,2,3,1,6,河北华夏幸福,石家庄永昌
9,0.576,59,0.596,4,4,7,0,52,15,1,4,3,15,2,1,0,6,17306,0,8,2,20,重庆当代,北京中赫国安
1,0.278,18,0.607,3,2,4,1,28,2,0,3,1,9,1,1,0,1,17306,0,0,0,5,重庆当代,北京中赫国安
8,0.707,41,0.583,1,2,3,2,24,13,1,1,2,6,1,0,0,5,17306,0,8,2,15,重庆当代,北京中赫国安
5,0.659,88,0.671,7,11,14,0,82,9,3,8,6,18,4,6,0,4,17307,1,3,2,23,河南建业,江苏苏宁易购
3,0.636,33,0.531,5,0,7,1,32,6,1,3,4,8,0,0,0,3,17307,0,2,1,9,河南建业,江苏苏宁易购
2,0.673,55,0.76,2,11,7,2,50,3,2,5,2,10,4,6,0,1,17307,1,1,1,14,河南建业,江苏苏宁易购
7,0.608,51,0.761,19,8,23,0,155,11,1,17,6,23,10,2,0,4,17308,3,9,0,17,天津泰达,上海上港
4,0.611,18,0.746,9,7,12,1,67,7,1,8,4,12,5,2,0,3,17308,2,5,0,6,天津泰达,上海上港
3,0.606,33,0.773,10,1,11,2,88,4,0,9,2,11,5,0,0,1,17308,1,4,0,11,天津泰达,上海上港
2,0.611,36,0.731,13,6,18,0,134,8,2,12,6,23,7,9,0,6,17309,0,3,5,8,上海绿地申花,深圳佳兆业
2,0.739,23,0.775,6,3,8,1,71,6,1,4,4,11,2,5,0,4,17309,0,3,3,5,上海绿地申花,深圳佳兆业
0,0.385,13,0.683,7,3,10,2,63,2,1,8,2,12,5,4,0,2,17309,0,0,2,3,上海绿地申花,深圳佳兆业
9,0.811,106,0.768,6,4,15,0,82,17,2,8,7,13,5,9,0,8,17310,2,12,1,17,广州富力,广州恒大淘宝
2,0.831,59,0.822,1,1,6,1,45,8,1,3,3,4,2,5,0,6,17310,1,5,1,10,广州富力,广州恒大淘宝
7,0.787,47,0.703,5,3,9,2,37,9,1,5,4,9,3,4,0,2,17310,1,7,0,7,广州富力,广州恒大淘宝
5,0.69,100,0.763,1,2,2,0,114,8,0,2,0,11,0,5,0,3,17311,2,7,0,8,江苏苏宁易购,山东鲁能泰山
4,0.73,37,0.775,0,1,1,1,71,5,0,1,0,6,0,3,0,1,17311,2,4,0,1,江苏苏宁易购,山东鲁能泰山
1,0.667,63,0.744,1,1,1,2,43,3,0,1,0,5,0,2,0,2,17311,0,3,0,7,江苏苏宁易购,山东鲁能泰山
2,0.773,97,0.664,6,11,11,0,122,7,4,3,8,23,1,6,0,5,17312,1,3,3,12,大连人,河南建业
1,0.785,65,0.653,3,4,4,1,49,4,3,1,3,8,0,5,0,3,17312,0,3,2,11,大连人,河南建业
1,0.75,32,0.671,3,7,7,2,73,3,1,2,5,15,1,1,0,2,17312,1,0,1,1,大连人,河南建业
6,0.791,134,0.55,9,1,10,0,60,10,1,6,4,19,2,5,0,4,17313,1,7,2,10,北京中赫国安,武汉卓尔
3,0.766,64,0.5,3,1,3,1,20,6,0,2,1,6,0,3,0,3,17313,0,3,2,4,北京中赫国安,武汉卓尔
3,0.814,70,0.575,6,0,7,2,40,4,1,4,3,13,2,2,0,1,17313,1,4,0,6,北京中赫国安,武汉卓尔
4,0.694,49,0.571,5,10,8,0,63,14,2,5,3,11,2,12,0,10,17314,1,8,7,15,石家庄永昌,青岛黄海青港
4,0.682,22,0.583,2,6,3,1,36,10,1,2,1,8,1,5,0,6,17314,1,5,6,8,石家庄永昌,青岛黄海青港
0,0.704,27,0.556,3,4,5,2,27,4,1,3,2,3,1,7,0,4,17314,0,3,1,7,石家庄永昌,青岛黄海青港
8,0.806,134,0.679,4,0,5,0,56,17,1,3,2,9,0,5,0,9,17315,1,10,5,11,上海上港,河北华夏幸福
5,0.793,87,0.741,2,0,2,1,27,9,1,1,1,4,0,2,0,4,17315,1,6,1,8,上海上港,河北华夏幸福
3,0.83,47,0.621,2,0,3,2,29,8,0,2,1,5,0,3,0,5,17315,0,4,4,3,上海上港,河北华夏幸福
4,0.711,45,0.571,8,9,12,0,77,13,2,9,3,24,3,9,0,9,17316,0,6,5,11,重庆当代,天津泰达
2,0.8,20,0.529,2,4,3,1,51,7,1,2,1,15,2,6,0,5,17316,0,2,2,8,重庆当代,天津泰达
2,0.64,25,0.654,6,5,9,2,26,6,1,7,2,9,1,3,0,4,17316,0,4,3,3,重庆当代,天津泰达
5,0.73,122,0.803,6,5,12,0,71,8,1,8,4,11,6,3,0,3,17317,2,6,2,20,深圳佳兆业,广州恒大淘宝
1,0.75,36,0.81,3,5,7,1,42,2,0,5,2,5,4,0,0,1,17317,1,2,0,6,深圳佳兆业,广州恒大淘宝
4,0.721,86,0.793,3,0,5,2,29,6,1,3,2,6,2,3,0,2,17317,1,4,2,14,深圳佳兆业,广州恒大淘宝
6,0.692,91,0.619,2,1,8,0,63,11,2,3,5,18,1,4,0,5,17318,1,4,4,16,江苏苏宁易购,大连人
5,0.686,35,0.5,1,1,4,1,24,6,2,1,3,7,0,1,0,1,17318,1,2,0,6,江苏苏宁易购,大连人
1,0.696,56,0.692,1,0,4,2,39,5,0,2,2,11,1,3,0,4,17318,0,2,4,10,江苏苏宁易购,大连人
6,0.718,78,0.685,8,6,11,0,108,11,1,6,5,18,3,4,0,5,17319,4,8,1,14,山东鲁能泰山,上海绿地申花
2,0.676,37,0.651,4,5,4,1,43,4,0,2,2,13,1,3,0,2,17319,1,4,0,7,山东鲁能泰山,上海绿地申花
4,0.756,41,0.708,4,1,7,2,65,7,1,4,3,5,2,1,0,3,17319,3,4,1,7,山东鲁能泰山,上海绿地申花
7,0.699,83,0.853,9,3,12,0,143,14,2,8,4,20,5,3,0,7,17320,1,8,3,19,河南建业,广州富力
5,0.632,38,0.88,4,1,5,1,83,9,1,2,3,7,2,1,0,4,17320,1,4,1,13,河南建业,广州富力
2,0.756,45,0.817,5,2,7,2,60,5,1,6,1,13,3,2,0,3,17320,0,4,2,6,河南建业,广州富力
6,0.714,77,0.73,12,14,14,0,100,8,1,11,3,12,6,6,0,2,17321,1,7,0,14,天津泰达,北京中赫国安
2,0.76,50,0.733,5,8,6,1,45,3,0,5,1,5,4,3,0,1,17321,0,3,0,7,天津泰达,北京中赫国安
4,0.63,27,0.727,7,6,8,2,55,5,1,6,2,7,2,3,0,1,17321,1,4,0,7,天津泰达,北京中赫国安
5,0.694,49,0.741,9,8,13,0,212,6,0,9,4,25,2,8,0,1,17322,2,3,1,9,青岛黄海青港,上海上港
3,0.774,31,0.783,7,0,8,1,120,3,0,6,2,12,1,3,0,0,17322,0,3,0,4,青岛黄海青港,上海上港
2,0.556,18,0.685,2,8,5,2,92,3,0,3,2,13,1,5,0,1,17322,2,0,1,5,青岛黄海青港,上海上港
1,0.753,73,0.603,10,5,13,0,58,7,0,10,3,19,6,3,0,6,17323,0,4,4,14,武汉卓尔,石家庄永昌
1,0.737,38,0.737,4,1,6,1,19,5,0,4,2,5,1,2,0,4,17323,0,2,3,5,武汉卓尔,石家庄永昌
0,0.771,35,0.538,6,4,7,2,39,2,0,6,1,14,5,1,0,2,17323,0,2,1,9,武汉卓尔,石家庄永昌
6,0.652,66,0.591,7,15,12,0,66,11,1,10,2,16,3,7,0,5,17324,2,7,2,11,河北华夏幸福,重庆当代
3,0.719,32,0.5,1,8,3,1,22,4,0,2,1,3,1,4,0,1,17324,0,2,0,5,河北华夏幸福,重庆当代
3,0.588,34,0.636,6,7,9,2,44,7,1,8,1,13,2,3,0,4,17324,2,5,2,6,河北华夏幸福,重庆当代
3,0.748,135,0.705,9,5,14,0,78,9,1,9,5,15,6,8,0,6,17325,0,7,1,22,广州恒大淘宝,山东鲁能泰山
1,0.667,33,0.722,5,1,7,1,36,5,1,5,2,9,3,2,0,4,17325,0,4,1,9,广州恒大淘宝,山东鲁能泰山
2,0.775,102,0.69,4,4,7,2,42,4,0,4,3,6,3,6,0,2,17325,0,3,0,13,广州恒大淘宝,山东鲁能泰山
3,0.821,106,0.768,11,9,15,0,82,5,1,6,9,9,2,5,0,2,17326,1,4,2,10,广州富力,江苏苏宁易购
2,0.875,32,0.725,8,4,11,1,40,2,1,4,7,6,1,4,0,0,17326,1,2,0,5,广州富力,江苏苏宁易购
1,0.797,74,0.81,3,5,4,2,42,3,0,2,2,3,1,1,0,2,17326,0,2,2,5,广州富力,江苏苏宁易购
5,0.694,62,0.712,12,10,14,0,125,12,1,10,4,19,2,4,0,7,17327,2,6,2,8,上海绿地申花,大连人
2,0.7,40,0.692,4,5,4,1,52,6,0,2,2,8,0,0,0,4,17327,1,2,1,3,上海绿地申花,大连人
3,0.682,22,0.726,8,5,10,2,73,6,1,8,2,11,2,4,0,3,17327,1,4,1,5,上海绿地申花,大连人
6,0.641,78,0.688,7,12,12,0,93,11,2,8,4,16,3,11,0,5,17328,0,5,3,16,深圳佳兆业,河南建业
2,0.733,30,0.727,4,4,8,1,44,7,2,5,3,9,2,5,0,5,17328,0,4,3,5,深圳佳兆业,河南建业
4,0.583,48,0.653,3,8,4,2,49,4,0,3,1,7,1,6,0,0,17328,0,1,0,11,深圳佳兆业,河南建业
0,0.612,67,0.701,4,6,6,0,97,11,1,1,5,23,1,2,0,11,17329,0,8,6,7,石家庄永昌,天津泰达
0,0.538,26,0.732,3,4,3,1,56,3,0,1,2,18,1,1,0,3,17329,0,2,2,2,石家庄永昌,天津泰达
0,0.659,41,0.659,1,2,3,2,41,8,1,0,3,5,0,1,0,8,17329,0,6,4,5,石家庄永昌,天津泰达
13,0.682,176,0.651,4,15,4,0,43,30,0,4,0,7,1,14,0,17,17330,2,22,2,47,重庆当代,青岛黄海青港
5,0.67,91,0.7,0,8,0,1,20,9,0,0,0,3,0,3,0,4,17330,0,8,2,21,重庆当代,青岛黄海青港
8,0.694,85,0.609,4,7,4,2,23,21,0,4,0,4,1,11,0,13,17330,2,14,0,26,重庆当代,青岛黄海青港
6,0.761,197,0.76,3,8,4,0,25,13,0,3,1,5,2,8,0,7,17331,0,10,2,35,上海上港,武汉卓尔
3,0.747,87,0.625,1,1,2,1,8,6,0,2,0,3,1,2,0,3,17331,0,5,0,19,上海上港,武汉卓尔
3,0.773,110,0.824,2,7,2,2,17,7,0,1,1,2,1,6,0,4,17331,0,5,2,16,上海上港,武汉卓尔
2,0.766,94,0.735,14,4,20,0,132,7,1,12,8,30,2,11,0,5,17332,0,4,3,7,北京中赫国安,河北华夏幸福
0,0.706,34,0.717,4,3,7,1,60,1,0,2,5,12,0,2,0,1,17332,0,1,0,5,北京中赫国安,河北华夏幸福
2,0.8,60,0.75,10,1,13,2,72,6,1,10,3,18,2,9,0,4,17332,0,3,3,2,北京中赫国安,河北华夏幸福
5,0.578,64,0.779,7,6,16,0,145,11,1,12,4,20,5,3,0,6,17333,0,5,3,16,河南建业,广州恒大淘宝
4,0.625,24,0.779,1,3,5,1,77,5,0,3,2,9,1,1,0,1,17333,0,2,0,6,河南建业,广州恒大淘宝
1,0.55,40,0.779,6,3,11,2,68,6,1,9,2,11,4,2,0,5,17333,0,3,3,10,河南建业,广州恒大淘宝
14,0.679,137,0.679,3,9,8,0,53,20,0,5,3,2,2,4,0,6,17334,4,11,2,20,江苏苏宁易购,上海绿地申花
6,0.738,42,0.704,2,2,5,1,27,10,0,3,2,1,2,1,0,4,17334,2,6,1,9,江苏苏宁易购,上海绿地申花
8,0.653,95,0.654,1,7,3,2,26,10,0,2,1,1,0,3,0,2,17334,2,5,1,11,江苏苏宁易购,上海绿地申花
6,0.743,74,0.737,8,1,11,0,118,12,1,8,3,20,0,4,0,6,17335,2,9,3,14,山东鲁能泰山,深圳佳兆业
2,0.771,48,0.698,3,1,4,1,43,5,1,3,1,6,0,1,0,3,17335,0,4,2,7,山东鲁能泰山,深圳佳兆业
4,0.692,26,0.76,5,0,7,2,75,7,0,5,2,14,0,3,0,3,17335,2,5,1,7,山东鲁能泰山,深圳佳兆业
5,0.713,164,0.756,8,11,10,0,90,18,0,6,4,6,3,8,0,13,17336,3,15,4,22,大连人,广州富力
3,0.652,69,0.767,4,5,5,1,43,6,0,3,2,3,2,5,0,3,17336,2,3,1,10,大连人,广州富力
2,0.758,95,0.745,4,6,5,2,47,12,0,3,2,3,1,3,0,10,17336,1,12,3,12,大连人,广州富力
3,0.727,33,0.785,18,4,23,0,205,9,1,17,6,38,9,6,0,6,17337,2,3,4,4,青岛黄海青港,北京中赫国安
1,0.667,18,0.783,7,1,12,1,83,3,1,9,3,15,6,3,0,2,17337,1,0,2,2,青岛黄海青港,北京中赫国安
2,0.8,15,0.787,11,3,11,2,122,6,0,8,3,23,3,3,0,4,17337,1,3,2,2,青岛黄海青港,北京中赫国安
8,0.744,164,0.725,3,16,6,0,51,17,0,5,1,8,1,30,0,9,17338,2,12,2,23,上海上港,石家庄永昌
3,0.711,83,0.684,2,9,3,1,19,7,0,2,1,6,0,15,0,4,17338,0,5,0,14,上海上港,石家庄永昌
5,0.778,81,0.75,1,7,3,2,32,10,0,3,0,2,1,15,0,5,17338,2,7,2,9,上海上港,石家庄永昌
1,0.733,45,0.703,10,14,14,0,155,7,2,6,8,27,0,10,0,6,17339,0,4,3,5,武汉卓尔,重庆当代
0,0.76,25,0.577,5,8,6,1,52,3,1,4,2,9,0,6,0,3,17339,0,2,1,0,武汉卓尔,重庆当代
1,0.7,20,0.767,5,6,8,2,103,4,1,2,6,18,0,4,0,3,17339,0,2,2,5,武汉卓尔,重庆当代
1,0.74,50,0.67,8,12,8,0,109,10,2,4,4,27,1,14,0,9,17340,1,6,4,10,河北华夏幸福,天津泰达
0,0.758,33,0.742,3,4,3,1,31,6,1,2,1,7,0,7,0,6,17340,0,2,4,7,河北华夏幸福,天津泰达
1,0.706,17,0.641,5,8,5,2,78,4,1,2,3,20,1,7,0,3,17340,1,4,0,3,河北华夏幸福,天津泰达
3,0.674,132,0.704,5,5,7,0,54,14,1,6,1,13,1,10,0,11,17341,2,7,2,23,山东鲁能泰山,河南建业
2,0.656,61,0.72,1,3,3,1,25,5,1,2,1,8,1,7,0,3,17341,2,3,0,14,山东鲁能泰山,河南建业
1,0.69,71,0.69,4,2,4,2,29,9,0,4,0,5,0,3,0,8,17341,0,4,2,9,山东鲁能泰山,河南建业
7,0.728,162,0.682,4,8,8,0,44,16,0,6,2,8,5,8,0,9,17342,1,12,4,24,上海绿地申花,广州富力
4,0.764,110,0.69,2,3,5,1,29,8,0,3,2,2,3,4,0,4,17342,1,7,2,14,上海绿地申花,广州富力
3,0.654,52,0.667,2,5,3,2,15,8,0,3,0,6,2,4,0,5,17342,0,5,2,10,上海绿地申花,广州富力
5,0.631,65,0.716,8,13,14,0,109,9,2,9,5,19,2,11,0,4,17343,1,5,3,4,广州恒大淘宝,江苏苏宁易购
4,0.63,46,0.571,2,6,4,1,21,6,0,3,1,5,0,5,0,2,17343,1,3,1,4,广州恒大淘宝,江苏苏宁易购
1,0.632,19,0.75,6,7,10,2,88,3,2,6,4,14,2,6,0,2,17343,0,2,2,0,广州恒大淘宝,江苏苏宁易购
3,0.747,83,0.658,5,3,12,0,120,9,1,7,5,26,2,4,0,6,17344,0,4,4,15,深圳佳兆业,大连人
1,0.788,52,0.66,0,0,4,1,47,3,1,1,3,9,0,0,0,2,17344,0,0,2,10,深圳佳兆业,大连人
2,0.677,31,0.658,5,3,8,2,73,6,0,6,2,17,2,4,0,4,17344,0,4,2,5,深圳佳兆业,大连人
5,0.8,100,0.744,5,10,7,0,129,12,3,4,3,20,1,12,0,7,17345,1,5,4,12,河北华夏幸福,武汉卓尔
1,0.839,56,0.703,1,6,3,1,37,5,2,1,2,4,0,6,0,4,17345,0,3,3,5,河北华夏幸福,武汉卓尔
4,0.75,44,0.761,4,4,4,2,92,7,1,3,1,16,1,6,0,3,17345,1,2,1,7,河北华夏幸福,武汉卓尔
5,0.649,57,0.585,4,9,10,0,65,12,4,4,6,14,2,10,0,7,17346,1,5,2,10,重庆当代,石家庄永昌
3,0.706,34,0.647,1,2,4,1,34,7,1,1,3,5,0,3,0,4,17346,1,4,1,4,重庆当代,石家庄永昌
2,0.565,23,0.516,3,7,6,2,31,5,3,3,3,9,2,7,0,3,17346,0,1,1,6,重庆当代,石家庄永昌
3,0.636,77,0.667,3,4,6,0,66,5,1,3,3,10,3,2,0,2,17347,1,4,0,18,天津泰达,青岛黄海青港
1,0.72,25,0.412,1,0,4,1,17,1,1,2,2,4,2,0,0,0,17347,0,0,0,2,天津泰达,青岛黄海青港
2,0.596,52,0.755,2,4,2,2,49,4,0,1,1,6,1,2,0,2,17347,1,4,0,16,天津泰达,青岛黄海青港
5,0.691,81,0.667,5,13,10,0,69,11,3,6,4,11,2,17,0,6,17348,1,6,1,14,北京中赫国安,上海上港
2,0.806,36,0.677,4,7,7,1,31,5,2,4,3,5,1,9,0,3,17348,0,2,1,4,北京中赫国安,上海上港
3,0.6,45,0.658,1,6,3,2,38,6,1,2,1,6,1,8,0,3,17348,1,4,0,10,北京中赫国安,上海上港
9,0.724,87,0.627,10,18,12,0,83,13,0,11,1,14,5,7,0,4,17350,0,7,4,7,江苏苏宁易购,深圳佳兆业
3,0.727,44,0.625,5,8,5,1,32,5,0,4,1,7,2,5,0,2,17350,0,2,2,4,江苏苏宁易购,深圳佳兆业
6,0.721,43,0.627,5,10,7,2,51,8,0,7,0,7,3,2,0,2,17350,0,5,2,3,江苏苏宁易购,深圳佳兆业
11,0.865,185,0.827,7,11,13,0,133,17,1,10,3,16,6,7,0,6,17351,1,13,1,9,广州富力,山东鲁能泰山
2,0.825,97,0.776,2,3,6,1,49,5,1,5,1,7,4,2,0,3,17351,0,4,0,6,广州富力,山东鲁能泰山
9,0.909,88,0.857,5,8,7,2,84,12,0,5,2,9,2,5,0,3,17351,1,9,1,3,广州富力,山东鲁能泰山
9,0.761,138,0.731,3,4,6,0,108,19,1,2,4,17,2,7,0,10,17352,1,14,4,26,大连人,广州恒大淘宝
4,0.736,72,0.767,1,0,1,1,43,11,1,0,1,4,0,2,0,7,17352,0,7,2,15,大连人,广州恒大淘宝
5,0.788,66,0.708,2,4,5,2,65,8,0,2,3,13,2,5,0,3,17352,1,7,2,11,大连人,广州恒大淘宝
1,0.537,54,0.702,6,18,8,0,114,4,0,6,2,19,0,5,0,3,17349,0,4,0,12,河南建业,上海绿地申花
1,0.559,34,0.735,1,9,2,1,49,2,0,1,1,5,0,2,0,1,17349,0,2,0,7,河南建业,上海绿地申花
0,0.5,20,0.677,5,9,6,2,65,2,0,5,1,14,0,3,0,2,17349,0,2,0,5,河南建业,上海绿地申花
1,0.745,106,0.604,7,13,10,0,48,11,0,4,6,16,2,13,0,10,17353,1,8,4,10,上海上港,重庆当代
1,0.698,53,0.833,5,3,6,1,24,6,0,2,4,7,1,5,0,5,17353,1,4,2,6,上海上港,重庆当代
0,0.792,53,0.375,2,10,4,2,24,5,0,2,2,9,1,8,0,5,17353,0,4,2,4,上海上港,重庆当代
2,0.738,84,0.7,18,6,22,0,80,9,2,13,9,24,3,2,0,7,17354,0,5,2,16,武汉卓尔,天津泰达
1,0.703,37,0.738,10,5,13,1,42,2,2,8,5,14,3,2,0,1,17354,0,1,0,6,武汉卓尔,天津泰达
1,0.766,47,0.658,8,1,9,2,38,7,0,5,4,10,0,0,0,6,17354,0,4,2,10,武汉卓尔,天津泰达
6,0.781,105,0.664,5,14,8,0,110,13,0,5,3,9,3,18,0,7,17355,1,10,2,16,石家庄永昌,北京中赫国安
3,0.686,35,0.661,2,8,4,1,62,4,0,1,3,3,1,5,0,1,17355,1,2,0,3,石家庄永昌,北京中赫国安
3,0.829,70,0.667,3,6,4,2,48,9,0,4,0,6,2,13,0,6,17355,0,8,2,13,石家庄永昌,北京中赫国安
4,0.608,51,0.736,9,2,11,0,110,11,1,6,5,13,5,6,0,7,17356,0,7,4,14,青岛黄海青港,河北华夏幸福
3,0.588,17,0.705,4,0,5,1,61,6,0,5,0,9,4,2,0,3,17356,0,4,2,5,青岛黄海青港,河北华夏幸福
1,0.618,34,0.776,5,2,6,2,49,5,1,1,5,4,1,4,0,4,17356,0,3,2,9,青岛黄海青港,河北华夏幸福
8,0.736,110,0.752,6,15,12,0,133,16,1,9,3,18,4,11,0,8,17357,3,10,2,17,广州富力,深圳佳兆业
6,0.775,40,0.738,1,11,3,1,65,8,0,2,1,9,2,6,0,2,17357,1,5,0,6,广州富力,深圳佳兆业
2,0.714,70,0.765,5,4,9,2,68,8,1,7,2,9,2,5,0,6,17357,2,5,2,11,广州富力,深圳佳兆业
4,0.703,118,0.699,10,1,15,0,73,14,3,6,9,12,4,4,0,10,17358,3,11,2,28,山东鲁能泰山,大连人
2,0.72,50,0.686,5,1,8,1,35,5,3,2,6,8,2,3,0,3,17358,1,4,0,10,山东鲁能泰山,大连人
2,0.691,68,0.711,5,0,7,2,38,9,0,4,3,4,2,1,0,7,17358,2,7,2,18,山东鲁能泰山,大连人
6,0.749,167,0.7,1,12,4,0,40,22,1,2,2,6,2,9,0,16,17359,3,16,8,11,江苏苏宁易购,河南建业
1,0.701,67,0.789,1,10,3,1,19,9,1,2,1,3,2,4,0,8,17359,0,6,3,6,江苏苏宁易购,河南建业
5,0.78,100,0.619,0,2,1,2,21,13,0,0,1,3,0,5,0,8,17359,3,10,5,5,江苏苏宁易购,河南建业
6,0.632,68,0.779,16,9,21,0,131,7,2,14,7,22,7,1,0,1,17360,4,5,0,10,上海绿地申花,广州恒大淘宝
5,0.588,34,0.717,6,6,8,1,60,5,1,6,2,12,2,0,0,0,17360,4,4,0,5,上海绿地申花,广州恒大淘宝
1,0.676,34,0.831,10,3,13,2,71,2,1,8,5,10,5,1,0,1,17360,0,1,0,5,上海绿地申花,广州恒大淘宝
3,0.65,60,0.673,6,9,13,0,98,11,2,6,7,18,4,7,0,8,17361,1,5,5,10,石家庄永昌,河北华夏幸福
1,0.643,28,0.581,0,2,2,1,31,4,1,1,1,7,1,1,0,3,17361,0,2,3,6,石家庄永昌,河北华夏幸福
2,0.656,32,0.716,6,7,11,2,67,7,1,5,6,11,3,6,0,5,17361,1,3,2,4,石家庄永昌,河北华夏幸福
7,0.796,113,0.675,5,8,9,0,83,22,1,6,3,13,4,9,0,15,17362,3,15,8,13,上海上港,天津泰达
5,0.779,68,0.714,3,4,6,1,35,14,0,4,2,5,2,3,0,9,17362,1,11,4,10,上海上港,天津泰达
2,0.822,45,0.646,2,4,3,2,48,8,1,2,1,8,2,6,0,6,17362,2,4,4,3,上海上港,天津泰达
9,0.696,69,0.806,5,5,8,0,103,14,0,5,3,9,5,1,0,5,17363,0,9,1,18,青岛黄海青港,武汉卓尔
3,0.562,16,0.797,3,2,5,1,79,3,0,3,2,6,3,0,0,0,17363,0,1,0,7,青岛黄海青港,武汉卓尔
6,0.736,53,0.833,2,3,3,2,24,11,0,2,1,3,2,1,0,5,17363,0,8,1,11,青岛黄海青港,武汉卓尔
5,0.819,105,0.781,18,11,23,0,105,21,1,10,13,24,3,10,0,16,17364,1,14,9,9,北京中赫国安,重庆当代
4,0.755,49,0.692,6,5,9,1,52,11,0,2,7,14,2,5,0,7,17364,0,7,3,7,北京中赫国安,重庆当代
1,0.875,56,0.868,12,6,14,2,53,10,1,8,6,10,1,5,0,9,17364,1,7,6,2,北京中赫国安,重庆当代
7,0.687,83,0.757,8,5,13,0,115,12,1,10,3,12,5,9,0,5,17365,1,7,2,21,河南建业,大连人
4,0.703,37,0.817,5,3,8,1,71,5,0,7,1,8,3,5,0,1,17365,1,2,0,7,河南建业,大连人
3,0.674,46,0.659,3,2,5,2,44,7,1,3,2,4,2,4,0,4,17365,0,5,2,14,河南建业,大连人
4,0.728,125,0.591,1,9,4,0,44,10,0,1,3,8,1,13,0,6,17366,0,7,0,17,山东鲁能泰山,江苏苏宁易购
3,0.707,75,0.6,1,3,2,1,20,4,0,0,2,3,0,8,0,1,17366,0,3,0,9,山东鲁能泰山,江苏苏宁易购
1,0.76,50,0.583,0,6,2,2,24,6,0,1,1,5,1,5,0,5,17366,0,4,0,8,山东鲁能泰山,江苏苏宁易购
3,0.685,73,0.764,11,4,14,0,55,9,1,8,6,20,3,2,0,6,17367,0,6,1,17,深圳佳兆业,上海绿地申花
2,0.659,41,0.846,4,2,5,1,26,3,1,2,3,9,0,1,0,1,17367,0,1,0,9,深圳佳兆业,上海绿地申花
1,0.719,32,0.69,7,2,9,2,29,6,0,6,3,11,3,1,0,5,17367,0,5,1,8,深圳佳兆业,上海绿地申花
11,0.791,254,0.786,2,11,5,0,42,24,1,2,3,8,1,11,0,13,17368,2,18,5,37,广州恒大淘宝,广州富力
4,0.82,139,0.714,0,9,1,1,21,9,0,1,0,5,0,7,0,5,17368,1,8,2,16,广州恒大淘宝,广州富力
7,0.757,115,0.857,2,2,4,2,21,15,1,1,3,3,1,4,0,8,17368,1,10,3,21,广州恒大淘宝,广州富力
4,0.654,52,0.684,12,14,13,0,193,9,3,8,5,39,2,9,0,5,17369,0,4,2,7,河北华夏幸福,上海上港
2,0.683,41,0.671,4,3,4,1,79,6,2,2,2,10,1,4,0,4,17369,0,3,1,7,河北华夏幸福,上海上港
2,0.545,11,0.693,8,11,9,2,114,3,1,6,3,29,1,5,0,1,17369,0,1,1,0,河北华夏幸福,上海上港
2,0.636,77,0.741,11,7,12,0,58,3,2,7,5,11,2,6,0,1,17370,0,1,0,10,青岛黄海青港,石家庄永昌
1,0.644,45,0.64,3,5,3,1,25,1,1,2,1,5,0,4,0,0,17370,0,1,0,8,青岛黄海青港,石家庄永昌
1,0.625,32,0.818,8,2,9,2,33,2,1,5,4,6,2,2,0,1,17370,0,0,0,2,青岛黄海青港,石家庄永昌
3,0.608,74,0.593,7,26,13,0,81,10,0,10,3,21,4,14,0,7,17371,0,7,4,23,天津泰达,重庆当代
3,0.636,44,0.604,5,16,10,1,48,6,0,8,2,10,3,7,0,3,17371,0,5,1,11,天津泰达,重庆当代
0,0.567,30,0.576,2,10,3,2,33,4,0,2,1,11,1,7,0,4,17371,0,2,3,12,天津泰达,重庆当代
4,0.753,73,0.75,7,5,14,0,172,10,0,8,6,18,4,0,0,6,17372,0,6,3,17,武汉卓尔,北京中赫国安
4,0.676,37,0.776,2,5,6,1,67,5,0,4,2,8,3,0,0,1,17372,0,3,0,9,武汉卓尔,北京中赫国安
0,0.833,36,0.733,5,0,8,2,105,5,0,4,4,10,1,0,0,5,17372,0,3,3,8,武汉卓尔,北京中赫国安
3,0.857,42,0.698,14,11,18,0,139,10,0,12,6,22,7,11,0,7,17373,1,6,5,4,广州富力,河南建业
1,0.783,23,0.556,3,6,5,1,36,5,0,4,1,6,2,4,0,4,17373,1,2,3,3,广州富力,河南建业
2,0.947,19,0.748,11,5,13,2,103,5,0,8,5,16,5,7,0,3,17373,0,4,2,1,广州富力,河南建业
4,0.752,109,0.73,14,4,21,0,115,12,2,10,11,23,6,7,0,8,17374,2,8,4,17,大连人,江苏苏宁易购
2,0.755,53,0.771,6,2,9,1,48,7,0,6,3,10,4,3,0,5,17374,2,4,4,9,大连人,江苏苏宁易购
2,0.75,56,0.701,8,2,12,2,67,5,2,4,8,13,2,4,0,3,17374,0,4,0,8,大连人,江苏苏宁易购
7,0.69,84,0.705,13,6,16,0,88,12,0,8,8,16,4,5,0,5,17375,3,9,4,14,广州恒大淘宝,深圳佳兆业
5,0.683,60,0.763,6,1,8,1,38,8,0,5,3,8,2,2,0,3,17375,3,6,3,12,广州恒大淘宝,深圳佳兆业
2,0.708,24,0.66,7,5,8,2,50,4,0,3,5,8,2,3,0,2,17375,0,3,1,2,广州恒大淘宝,深圳佳兆业
8,0.633,98,0.807,9,5,10,0,145,11,1,7,3,10,5,5,0,3,17376,5,6,1,20,上海绿地申花,山东鲁能泰山
2,0.562,32,0.785,3,1,4,1,93,2,1,2,2,7,2,1,0,0,17376,1,1,0,6,上海绿地申花,山东鲁能泰山
6,0.667,66,0.846,6,4,6,2,52,9,0,5,1,3,3,4,0,3,17376,4,5,1,14,上海绿地申花,山东鲁能泰山
10,0.838,265,0.635,3,12,4,0,52,18,1,3,1,11,0,10,0,8,17377,4,13,3,10,北京中赫国安,天津泰达
5,0.828,157,0.714,1,6,2,1,14,6,1,1,1,0,0,4,0,1,17377,1,3,1,5,北京中赫国安,天津泰达
5,0.852,108,0.605,2,6,2,2,38,12,0,2,0,11,0,6,0,7,17377,3,10,2,5,北京中赫国安,天津泰达
9,0.611,54,0.5,4,17,6,0,86,14,0,5,1,14,1,8,0,5,17378,4,6,3,9,上海上港,青岛黄海青港
4,0.606,33,0.436,3,9,3,1,39,6,0,2,1,5,0,4,0,2,17378,1,3,1,5,上海上港,青岛黄海青港
5,0.619,21,0.553,1,8,3,2,47,8,0,3,0,9,1,4,0,3,17378,3,3,2,4,上海上港,青岛黄海青港
9,0.705,105,0.636,6,18,8,0,77,16,0,5,3,11,3,28,0,7,17379,1,10,5,20,重庆当代,河北华夏幸福
6,0.639,61,0.6,1,8,2,1,35,11,0,1,1,4,1,10,0,5,17379,1,8,3,12,重庆当代,河北华夏幸福
3,0.795,44,0.667,5,10,6,2,42,5,0,4,2,7,2,18,0,2,17379,0,2,2,8,重庆当代,河北华夏幸福
5,0.658,38,0.732,11,3,13,0,157,9,1,8,5,34,2,2,0,4,17380,1,5,1,6,石家庄永昌,武汉卓尔
2,0.615,13,0.732,1,3,1,1,71,4,0,1,0,15,0,1,0,2,17380,0,1,1,5,石家庄永昌,武汉卓尔
3,0.68,25,0.733,10,0,12,2,86,5,1,7,5,19,2,1,0,2,17380,1,4,0,1,石家庄永昌,武汉卓尔
8,0.796,206,0.792,9,5,11,0,48,17,0,9,2,7,5,8,0,9,17381,4,13,2,16,江苏苏宁易购,广州富力
5,0.805,149,0.8,2,0,3,1,5,10,0,3,0,1,2,5,0,5,17381,2,8,1,11,江苏苏宁易购,广州富力
3,0.772,57,0.791,7,5,8,2,43,7,0,6,2,6,3,3,0,4,17381,2,5,1,5,江苏苏宁易购,广州富力
3,0.706,51,0.694,10,8,15,0,121,6,4,8,7,18,1,9,0,3,17382,1,4,1,7,山东鲁能泰山,广州恒大淘宝
1,0.688,32,0.605,2,4,5,1,43,2,1,2,3,8,0,5,0,1,17382,0,1,0,3,山东鲁能泰山,广州恒大淘宝
2,0.737,19,0.744,8,4,10,2,78,4,3,6,4,10,1,4,0,2,17382,1,3,1,4,山东鲁能泰山,广州恒大淘宝
3,0.735,49,0.679,5,6,10,0,109,7,0,9,1,17,5,8,0,4,17383,1,5,2,9,河南建业,深圳佳兆业
1,0.583,12,0.69,4,3,9,1,71,2,0,8,1,8,5,4,0,1,17383,0,2,0,3,河南建业,深圳佳兆业
2,0.784,37,0.658,1,3,1,2,38,5,0,1,0,9,0,4,0,3,17383,1,3,2,6,河南建业,深圳佳兆业
4,0.717,120,0.655,10,4,13,0,87,12,3,6,7,18,1,6,0,8,17384,2,7,3,11,大连人,上海绿地申花
4,0.719,64,0.632,4,2,5,1,38,9,3,1,4,7,0,2,0,5,17384,2,5,3,6,大连人,上海绿地申花
0,0.714,56,0.673,6,2,8,2,49,3,0,5,3,11,1,4,0,3,17384,0,2,0,5,大连人,上海绿地申花
1,0.543,46,0.682,10,3,13,0,148,6,0,7,6,27,4,5,0,5,17385,0,5,3,7,武汉卓尔,上海上港
0,0.538,26,0.644,6,1,7,1,59,1,0,3,4,11,1,0,0,1,17385,0,1,1,4,武汉卓尔,上海上港
1,0.55,20,0.708,4,2,6,2,89,5,0,4,2,16,3,5,0,4,17385,0,4,2,3,武汉卓尔,上海上港
4,0.806,72,0.78,8,17,13,0,159,12,2,9,4,13,5,13,0,8,17386,2,7,4,9,河北华夏幸福,北京中赫国安
1,0.848,33,0.755,3,8,6,1,98,7,1,4,2,10,2,8,0,6,17386,1,6,2,4,河北华夏幸福,北京中赫国安
3,0.769,39,0.82,5,9,7,2,61,5,1,5,2,3,3,5,0,2,17386,1,1,2,5,河北华夏幸福,北京中赫国安
2,0.67,91,0.667,6,6,11,0,57,8,2,8,3,11,5,10,0,6,17387,0,8,1,17,青岛黄海青港,重庆当代
0,0.516,31,0.583,5,4,6,1,36,1,1,5,1,7,2,3,0,1,17387,0,1,0,9,青岛黄海青港,重庆当代
2,0.75,60,0.81,1,2,5,2,21,7,1,3,2,4,3,7,0,5,17387,0,7,1,8,青岛黄海青港,重庆当代
2,0.7,110,0.593,3,5,4,0,59,10,0,4,0,14,2,5,0,8,17388,0,8,2,21,天津泰达,石家庄永昌
1,0.712,73,0.536,1,5,1,1,28,5,0,1,0,6,0,2,0,4,17388,0,4,1,10,天津泰达,石家庄永昌
1,0.676,37,0.645,2,0,3,2,31,5,0,3,0,8,2,3,0,4,17388,0,4,1,11,天津泰达,石家庄永昌
4,0.644,90,0.621,5,11,8,0,66,10,1,6,2,16,1,9,0,6,17389,1,6,3,15,广州恒大淘宝,河南建业
2,0.647,51,0.667,2,5,3,1,15,7,1,2,1,4,0,4,0,5,17389,0,4,3,10,广州恒大淘宝,河南建业
2,0.641,39,0.608,3,6,5,2,51,3,0,4,1,12,1,5,0,1,17389,1,2,0,5,广州恒大淘宝,河南建业
4,0.676,102,0.721,3,4,7,0,61,8,1,5,2,9,4,1,0,4,17390,1,5,1,22,深圳佳兆业,山东鲁能泰山
3,0.676,37,0.833,0,2,3,1,24,3,1,2,1,3,2,0,0,0,17390,0,1,0,11,深圳佳兆业,山东鲁能泰山
1,0.677,65,0.649,3,2,4,2,37,5,0,3,1,6,2,1,0,4,17390,1,4,1,11,深圳佳兆业,山东鲁能泰山
5,0.607,56,0.675,10,9,11,0,123,6,0,7,4,21,2,9,0,1,17391,0,2,1,8,上海绿地申花,江苏苏宁易购
3,0.682,22,0.727,6,5,7,1,77,4,0,4,3,11,1,4,0,1,17391,0,2,1,2,上海绿地申花,江苏苏宁易购
2,0.559,34,0.587,4,4,4,2,46,2,0,3,1,10,1,5,0,0,17391,0,0,0,6,上海绿地申花,江苏苏宁易购
3,0.709,79,0.73,11,12,15,0,230,8,1,8,7,42,2,25,0,5,17392,0,6,2,18,广州富力,大连人
2,0.7,50,0.714,4,8,5,1,98,5,1,2,3,18,0,11,0,3,17392,0,4,1,8,广州富力,大连人
1,0.724,29,0.742,7,4,10,2,132,3,0,6,4,24,2,14,0,2,17392,0,2,1,10,广州富力,大连人
7,0.768,112,0.611,4,3,5,0,36,22,0,4,1,13,1,5,0,15,17393,5,13,7,15,北京中赫国安,青岛黄海青港
4,0.773,66,0.556,2,2,2,1,9,14,0,2,0,4,0,3,0,10,17393,3,8,6,12,北京中赫国安,青岛黄海青港
3,0.761,46,0.63,2,1,3,2,27,8,0,2,1,9,1,2,0,5,17393,2,5,1,3,北京中赫国安,青岛黄海青港
4,0.691,97,0.783,10,7,13,0,106,13,0,10,3,9,4,6,0,9,17394,0,10,2,21,天津泰达,河北华夏幸福
2,0.714,49,0.733,5,1,5,1,30,8,0,4,1,2,1,4,0,6,17394,0,7,2,14,天津泰达,河北华夏幸福
2,0.667,48,0.803,5,6,8,2,76,5,0,6,2,7,3,2,0,3,17394,0,3,0,7,天津泰达,河北华夏幸福
5,0.727,77,0.618,4,4,5,0,68,11,0,4,1,20,0,4,0,6,17395,1,8,2,7,重庆当代,武汉卓尔
3,0.744,39,0.593,2,3,2,1,27,4,0,1,1,11,0,2,0,1,17395,1,2,0,3,重庆当代,武汉卓尔
2,0.711,38,0.634,2,1,3,2,41,7,0,3,0,9,0,2,0,5,17395,0,6,2,4,重庆当代,武汉卓尔
4,0.757,70,0.744,10,9,13,0,172,9,4,8,5,21,4,7,0,5,17396,1,7,2,11,石家庄永昌,上海上港
3,0.75,24,0.738,7,5,8,1,107,4,3,4,4,15,2,5,0,1,17396,1,4,0,4,石家庄永昌,上海上港
1,0.761,46,0.754,3,4,5,2,65,5,1,4,1,6,2,2,0,4,17396,0,3,2,7,石家庄永昌,上海上港
1,0.777,112,0.764,8,6,13,0,161,4,0,12,1,22,5,10,0,3,17399,0,4,1,13,河南建业,山东鲁能泰山
1,0.77,61,0.7,5,5,9,1,70,3,0,8,1,14,4,6,0,2,17399,0,3,0,4,河南建业,山东鲁能泰山
0,0.784,51,0.813,3,1,4,2,91,1,0,4,0,8,1,4,0,1,17399,0,1,1,9,河南建业,山东鲁能泰山
4,0.68,50,0.744,4,10,6,0,125,11,0,5,1,17,3,9,0,7,17400,1,7,3,9,江苏苏宁易购,广州恒大淘宝
3,0.718,39,0.548,1,1,1,1,31,9,0,0,1,6,0,7,0,6,17400,1,7,2,5,江苏苏宁易购,广州恒大淘宝
1,0.545,11,0.809,3,9,5,2,94,2,0,5,0,11,3,2,0,1,17400,0,0,1,4,江苏苏宁易购,广州恒大淘宝
2,0.654,107,0.738,7,7,9,0,107,6,0,9,0,16,4,4,0,4,17397,0,4,1,15,广州富力,上海绿地申花
2,0.636,33,0.72,4,4,5,1,50,3,0,5,0,10,3,3,0,1,17397,0,2,0,5,广州富力,上海绿地申花
0,0.662,74,0.754,3,3,4,2,57,3,0,4,0,6,1,1,0,3,17397,0,2,1,10,广州富力,上海绿地申花
6,0.655,110,0.662,7,14,12,0,74,10,1,8,4,20,4,11,0,4,17398,2,6,2,30,大连人,深圳佳兆业
4,0.702,47,0.429,1,9,4,1,28,5,0,3,1,16,2,6,0,1,17398,2,2,0,12,大连人,深圳佳兆业
2,0.619,63,0.804,6,5,8,2,46,5,1,5,3,4,2,5,0,3,17398,0,4,2,18,大连人,深圳佳兆业
4,0.627,59,0.526,7,2,10,0,76,13,2,3,7,27,1,2,0,9,17402,1,9,6,13,青岛黄海青港,天津泰达
3,0.622,45,0.542,2,2,3,1,24,6,0,0,3,8,0,1,0,3,17402,0,4,1,13,青岛黄海青港,天津泰达
1,0.643,14,0.519,5,0,7,2,52,7,2,3,4,19,1,1,0,6,17402,1,5,5,0,青岛黄海青港,天津泰达
2,0.587,92,0.724,9,12,15,0,58,4,2,11,4,12,7,5,0,2,17401,0,1,1,20,石家庄永昌,重庆当代
1,0.548,31,0.727,7,4,10,1,44,1,2,7,3,8,4,0,0,0,17401,0,0,0,8,石家庄永昌,重庆当代
1,0.607,61,0.714,2,8,5,2,14,3,0,4,1,4,3,5,0,2,17401,0,1,1,12,石家庄永昌,重庆当代
5,0.719,139,0.688,7,3,13,0,48,9,1,7,6,13,3,0,0,4,17403,1,7,1,29,武汉卓尔,河北华夏幸福
4,0.744,82,0.619,2,0,4,1,21,4,1,3,1,6,2,0,0,0,17403,0,3,0,11,武汉卓尔,河北华夏幸福
1,0.684,57,0.741,5,3,9,2,27,5,0,4,5,7,1,0,0,4,17403,1,4,1,18,武汉卓尔,河北华夏幸福
6,0.7,80,0.687,3,9,8,0,67,16,1,4,4,14,0,9,0,10,17404,0,6,5,11,上海上港,北京中赫国安
2,0.576,33,0.667,2,4,6,1,30,4,1,3,3,11,0,2,0,2,17404,0,1,1,3,上海上港,北京中赫国安
4,0.787,47,0.703,1,5,2,2,37,12,0,1,1,3,0,7,0,8,17404,0,5,4,8,上海上港,北京中赫国安
7,0.739,226,0.743,2,9,5,0,35,23,1,2,3,4,0,10,0,16,17406,1,16,2,32,山东鲁能泰山,广州富力
3,0.692,104,0.722,1,6,4,1,18,8,0,2,2,1,0,6,0,5,17406,0,4,0,14,山东鲁能泰山,广州富力
4,0.779,122,0.765,1,3,1,2,17,15,1,0,1,3,0,4,0,11,17406,1,12,2,18,山东鲁能泰山,广州富力
3,0.67,94,0.702,5,3,8,0,47,9,1,3,5,5,0,5,0,6,17407,0,6,4,11,上海绿地申花,河南建业
2,0.677,62,0.471,2,2,2,1,17,6,0,1,1,3,0,3,0,4,17407,0,4,3,9,上海绿地申花,河南建业
1,0.656,32,0.833,3,1,6,2,30,3,1,2,4,2,0,2,0,2,17407,0,2,1,2,上海绿地申花,河南建业
5,0.733,120,0.677,4,1,5,0,31,12,0,5,0,13,4,0,0,7,17408,1,11,3,31,深圳佳兆业,江苏苏宁易购
1,0.667,57,0.625,3,1,4,1,16,6,0,4,0,9,4,0,0,5,17408,0,5,3,18,深圳佳兆业,江苏苏宁易购
4,0.794,63,0.733,1,0,1,2,15,6,0,1,0,4,0,0,0,2,17408,1,6,0,13,深圳佳兆业,江苏苏宁易购
9,0.757,103,0.61,7,8,12,0,77,16,1,6,6,26,2,5,0,7,17405,2,14,1,12,广州恒大淘宝,大连人
4,0.755,49,0.636,4,4,6,1,33,9,1,3,3,6,0,4,0,5,17405,1,8,1,3,广州恒大淘宝,大连人
5,0.759,54,0.591,3,4,6,2,44,7,0,3,3,20,2,1,0,2,17405,1,6,0,9,广州恒大淘宝,大连人
5,0.75,196,0.689,5,3,8,0,45,14,2,5,3,8,1,11,0,9,17409,3,10,5,17,北京中赫国安,石家庄永昌
2,0.682,66,0.714,3,1,5,1,21,4,2,2,3,5,0,4,0,2,17409,2,2,2,4,北京中赫国安,石家庄永昌
3,0.785,130,0.667,2,2,3,2,24,10,0,3,0,3,1,7,0,7,17409,1,8,3,13,北京中赫国安,石家庄永昌
4,0.677,127,0.759,1,7,3,0,83,9,0,2,1,7,1,5,0,5,17411,1,5,0,24,天津泰达,武汉卓尔
0,0.652,66,0.744,1,4,2,1,39,2,0,1,1,4,0,3,0,2,17411,0,1,0,10,天津泰达,武汉卓尔
4,0.705,61,0.773,0,3,1,2,44,7,0,1,0,3,1,2,0,3,17411,1,4,0,14,天津泰达,武汉卓尔
5,0.812,144,0.647,6,7,8,0,68,11,2,6,2,23,3,6,0,6,17410,1,7,4,10,河北华夏幸福,青岛黄海青港
0,0.795,78,0.679,2,2,2,1,28,5,1,1,1,4,0,2,0,5,17410,0,3,3,6,河北华夏幸福,青岛黄海青港
5,0.833,66,0.625,4,5,6,2,40,6,1,5,1,19,3,4,0,1,17410,1,4,1,4,河北华夏幸福,青岛黄海青港
5,0.659,91,0.603,7,11,9,0,73,11,0,4,5,17,1,7,0,6,17412,0,7,3,17,重庆当代,上海上港
3,0.571,35,0.615,1,5,3,1,39,5,0,0,3,7,0,3,0,2,17412,0,3,2,10,重庆当代,上海上港
2,0.714,56,0.588,6,6,6,2,34,6,0,4,2,10,1,4,0,4,17412,0,4,1,7,重庆当代,上海上港
2,0.468,47,0.727,12,3,15,0,150,7,1,11,4,29,7,3,0,5,17522,0,2,3,10,天津泰达,深圳佳兆业
2,0.5,30,0.725,4,1,5,1,51,5,0,3,2,11,2,1,0,3,17522,0,2,2,8,天津泰达,深圳佳兆业
0,0.412,17,0.727,8,2,10,2,99,2,1,8,2,18,5,2,0,2,17522,0,0,1,2,天津泰达,深圳佳兆业
7,0.578,45,0.659,7,15,12,0,138,8,2,8,4,25,3,13,0,1,17526,1,5,0,6,河北华夏幸福,广州恒大淘宝
3,0.571,21,0.701,5,9,5,1,67,4,1,2,3,10,0,10,0,1,17526,1,3,0,2,河北华夏幸福,广州恒大淘宝
4,0.583,24,0.62,2,6,7,2,71,4,1,6,1,15,3,3,0,0,17526,0,2,0,4,河北华夏幸福,广州恒大淘宝
7,0.729,144,0.661,3,5,5,0,56,15,2,2,3,10,1,12,0,8,17523,1,13,5,25,大连人,石家庄永昌
4,0.786,70,0.711,3,3,4,1,45,6,1,2,2,7,1,3,0,2,17523,0,5,1,7,大连人,石家庄永昌
3,0.676,74,0.455,0,2,1,2,11,9,1,0,1,3,0,9,0,6,17523,1,8,4,18,大连人,石家庄永昌
1,0.694,72,0.796,11,8,20,0,157,6,5,12,8,15,7,0,0,5,17527,0,2,4,5,山东鲁能泰山,北京中赫国安
0,0.76,25,0.721,3,4,9,1,68,4,2,5,4,8,2,0,0,4,17527,0,0,3,2,山东鲁能泰山,北京中赫国安
1,0.66,47,0.854,8,4,11,2,89,2,3,7,4,7,5,0,0,1,17527,0,2,1,3,山东鲁能泰山,北京中赫国安
3,0.576,66,0.625,2,6,3,0,80,8,0,3,0,11,1,6,0,5,17524,1,3,2,13,河南建业,武汉卓尔
2,0.6,25,0.6,1,4,2,1,35,5,0,2,0,6,1,2,0,3,17524,1,2,2,5,河南建业,武汉卓尔
1,0.561,41,0.644,1,2,1,2,45,3,0,1,0,5,0,4,0,2,17524,0,1,0,8,河南建业,武汉卓尔
1,0.6,45,0.619,12,17,18,0,97,2,2,12,6,21,3,16,0,1,17528,0,2,0,10,上海绿地申花,上海上港
0,0.542,24,0.571,5,8,6,1,42,0,0,4,2,7,0,9,0,0,17528,0,0,0,6,上海绿地申花,上海上港
1,0.667,21,0.655,7,9,12,2,55,2,2,8,4,14,3,7,0,1,17528,0,2,0,4,上海绿地申花,上海上港
4,0.621,58,0.698,5,2,6,0,106,7,1,3,3,13,1,6,0,3,17525,0,8,0,21,青岛黄海青港,广州富力
2,0.688,32,0.755,2,0,2,1,49,2,0,1,1,3,0,2,0,0,17525,0,2,0,9,青岛黄海青港,广州富力
2,0.538,26,0.649,3,2,4,2,57,5,1,2,2,10,1,4,0,3,17525,0,6,0,12,青岛黄海青港,广州富力
2,0.67,109,0.726,9,7,13,0,113,6,3,4,9,10,0,13,0,4,17529,0,3,3,24,重庆当代,江苏苏宁易购
1,0.622,45,0.697,2,1,4,1,33,1,2,2,2,5,0,4,0,0,17529,0,1,0,13,重庆当代,江苏苏宁易购
1,0.703,64,0.738,7,6,9,2,80,5,1,2,7,5,0,9,0,4,17529,0,2,3,11,重庆当代,江苏苏宁易购
3,0.648,122,0.583,7,5,9,0,48,7,1,5,4,11,1,2,0,4,17530,0,5,3,33,深圳佳兆业,天津泰达
0,0.61,59,0.63,5,2,6,1,27,2,1,3,3,7,0,0,0,2,17530,0,1,1,17,深圳佳兆业,天津泰达
3,0.683,63,0.524,2,3,3,2,21,5,0,2,1,4,1,2,0,2,17530,0,4,2,16,深圳佳兆业,天津泰达
5,0.764,157,0.747,13,9,19,0,91,12,2,10,9,15,6,3,0,7,17534,3,7,4,15,广州恒大淘宝,河北华夏幸福
1,0.753,97,0.625,5,4,6,1,24,3,2,2,4,7,1,2,0,2,17534,1,1,1,8,广州恒大淘宝,河北华夏幸福
4,0.783,60,0.791,8,5,13,2,67,9,0,8,5,8,5,1,0,5,17534,2,6,3,7,广州恒大淘宝,河北华夏幸福
5,0.521,71,0.713,14,13,19,0,157,10,1,9,10,20,7,9,0,5,17531,1,6,1,14,石家庄永昌,大连人
1,0.622,37,0.763,9,5,12,1,76,5,0,7,5,13,6,2,0,4,17531,0,3,1,6,石家庄永昌,大连人
4,0.412,34,0.667,5,8,7,2,81,5,1,2,5,7,1,7,0,1,17531,1,3,0,8,石家庄永昌,大连人
5,0.75,96,0.712,9,8,10,0,80,17,0,8,2,15,2,8,0,12,17535,3,14,5,11,北京中赫国安,山东鲁能泰山
3,0.792,53,0.804,4,2,5,1,51,10,0,4,1,8,2,2,0,7,17535,2,8,4,8,北京中赫国安,山东鲁能泰山
2,0.698,43,0.552,5,6,5,2,29,7,0,4,1,7,0,6,0,5,17535,1,6,1,3,北京中赫国安,山东鲁能泰山
0,0.683,126,0.698,9,2,11,0,43,7,3,6,5,5,2,10,0,7,17532,0,3,2,30,武汉卓尔,河南建业
0,0.745,47,0.727,6,0,8,1,22,1,3,3,5,4,1,3,0,1,17532,0,1,0,10,武汉卓尔,河南建业
0,0.646,79,0.667,3,2,3,2,21,6,0,3,0,1,1,7,0,6,17532,0,2,2,20,武汉卓尔,河南建业
1,0.6,50,0.624,13,9,16,0,93,7,4,9,7,25,3,15,0,6,17536,1,6,2,10,上海上港,上海绿地申花
1,0.633,30,0.611,6,3,6,1,36,5,2,3,3,12,1,6,0,4,17536,1,5,1,7,上海上港,上海绿地申花
0,0.55,20,0.632,7,6,10,2,57,2,2,6,4,13,2,9,0,2,17536,0,1,1,3,上海上港,上海绿地申花
5,0.625,72,0.667,11,6,15,0,78,11,0,11,4,18,4,3,0,6,17533,1,9,3,11,广州富力,青岛黄海青港
2,0.667,33,0.622,5,6,6,1,45,5,0,5,1,11,2,0,0,3,17533,0,5,1,4,广州富力,青岛黄海青港
3,0.59,39,0.727,6,0,9,2,33,6,0,6,3,7,2,3,0,3,17533,1,4,2,7,广州富力,青岛黄海青港
5,0.707,92,0.512,2,11,4,0,43,14,1,0,4,4,0,3,0,9,17537,1,11,2,15,江苏苏宁易购,重庆当代
2,0.694,36,0.409,1,7,3,1,22,8,1,0,3,1,0,3,0,6,17537,1,6,2,5,江苏苏宁易购,重庆当代
3,0.714,56,0.619,1,4,1,2,21,6,0,0,1,3,0,0,0,3,17537,0,5,0,10,江苏苏宁易购,重庆当代
9,0.758,161,0.61,5,11,12,0,41,15,1,5,7,10,3,11,0,6,17556,1,12,1,29,大连人,天津泰达
4,0.673,52,0.682,0,5,7,1,22,5,1,3,4,5,3,5,0,1,17556,0,4,1,9,大连人,天津泰达
5,0.798,109,0.526,5,6,5,2,19,10,0,2,3,5,0,6,0,5,17556,1,8,0,20,大连人,天津泰达
1,0.617,60,0.689,13,14,17,0,132,7,0,14,3,25,6,12,0,6,17560,0,3,2,8,河北华夏幸福,山东鲁能泰山
0,0.56,25,0.688,8,7,10,1,48,3,0,9,1,9,3,4,0,3,17560,0,0,2,2,河北华夏幸福,山东鲁能泰山
1,0.657,35,0.69,5,7,7,2,84,4,0,5,2,16,3,8,0,3,17560,0,3,0,6,河北华夏幸福,山东鲁能泰山
1,0.76,75,0.729,10,9,14,0,144,1,3,10,4,20,3,14,0,0,17557,1,0,0,11,广州富力,河南建业
1,0.796,49,0.75,5,4,8,1,52,1,1,6,2,9,2,5,0,0,17557,1,0,0,5,广州富力,河南建业
0,0.692,26,0.717,5,5,6,2,92,0,2,4,2,11,1,9,0,0,17557,0,0,0,6,广州富力,河南建业
6,0.762,101,0.689,10,10,13,0,61,14,0,10,3,17,5,6,0,8,17561,2,9,3,14,上海绿地申花,重庆当代
3,0.778,81,0.636,0,2,1,1,11,8,0,0,1,2,0,3,0,5,17561,1,7,1,10,上海绿地申花,重庆当代
3,0.7,20,0.7,10,8,12,2,50,6,0,10,2,15,5,3,0,3,17561,1,2,2,4,上海绿地申花,重庆当代
3,0.628,137,0.629,2,5,2,0,35,12,0,2,0,11,1,10,0,9,17558,2,8,2,26,深圳佳兆业,石家庄永昌
2,0.657,67,0.632,2,1,2,1,19,5,0,2,0,6,1,3,0,3,17558,1,4,0,10,深圳佳兆业,石家庄永昌
1,0.6,70,0.625,0,4,0,2,16,7,0,0,0,5,0,7,0,6,17558,1,4,2,16,深圳佳兆业,石家庄永昌
3,0.667,72,0.743,20,19,23,0,144,9,2,16,7,34,2,20,0,6,17562,1,8,2,6,北京中赫国安,广州恒大淘宝
2,0.739,46,0.763,9,7,10,1,59,6,0,10,0,17,0,11,0,4,17562,0,5,0,4,北京中赫国安,广州恒大淘宝
1,0.538,26,0.729,11,12,13,2,85,3,2,6,7,17,2,9,0,2,17562,1,3,2,2,北京中赫国安,广州恒大淘宝
3,0.624,93,0.641,2,6,4,0,64,12,2,2,2,12,1,4,0,9,17559,0,5,4,25,武汉卓尔,青岛黄海青港
2,0.583,48,0.658,1,2,2,1,38,7,1,1,1,7,0,1,0,5,17559,0,3,2,12,武汉卓尔,青岛黄海青港
1,0.667,45,0.615,1,4,2,2,26,5,1,1,1,5,1,3,0,4,17559,0,2,2,13,武汉卓尔,青岛黄海青港
2,0.69,58,0.75,7,5,10,0,116,6,1,7,3,16,0,8,0,4,17563,0,4,2,8,江苏苏宁易购,上海上港
1,0.68,25,0.81,2,4,2,1,58,3,0,2,0,4,0,3,0,2,17563,0,2,0,5,江苏苏宁易购,上海上港
1,0.697,33,0.69,5,1,8,2,58,3,1,5,3,12,0,5,0,2,17563,0,2,2,3,江苏苏宁易购,上海上港
8,0.552,67,0.672,9,5,13,0,122,14,3,6,7,20,3,7,0,6,17564,4,9,2,13,天津泰达,大连人
3,0.5,24,0.707,6,3,9,1,75,7,3,5,4,14,3,2,0,4,17564,1,5,1,3,天津泰达,大连人
5,0.581,43,0.617,3,2,4,2,47,7,0,1,3,6,0,5,0,2,17564,3,4,1,10,天津泰达,大连人
8,0.754,179,0.777,2,12,7,0,94,22,1,5,2,10,4,15,0,14,17568,0,16,5,32,山东鲁能泰山,河北华夏幸福
2,0.724,76,0.766,0,4,1,1,64,5,0,1,0,7,1,2,0,3,17568,0,3,2,17,山东鲁能泰山,河北华夏幸福
6,0.777,103,0.8,2,8,6,2,30,17,1,4,2,3,3,13,0,11,17568,0,13,3,15,山东鲁能泰山,河北华夏幸福
6,0.697,122,0.75,6,8,12,0,96,22,2,6,6,18,3,16,0,16,17565,1,15,10,19,河南建业,广州富力
2,0.549,51,0.778,1,6,4,1,45,5,2,1,3,8,1,6,0,3,17565,0,4,2,8,河南建业,广州富力
4,0.803,71,0.725,5,2,8,2,51,17,0,5,3,10,2,10,0,13,17565,1,11,8,11,河南建业,广州富力
5,0.605,81,0.633,9,5,10,0,79,11,1,5,5,10,1,3,0,6,17569,1,3,5,19,重庆当代,上海绿地申花
3,0.633,49,0.667,0,2,1,1,27,6,0,0,1,3,0,2,0,3,17569,0,2,2,10,重庆当代,上海绿地申花
2,0.562,32,0.615,9,3,9,2,52,5,1,5,4,7,1,1,0,3,17569,1,1,3,9,重庆当代,上海绿地申花
4,0.663,86,0.6,10,15,13,0,90,6,0,9,4,21,3,7,0,2,17566,2,2,1,18,石家庄永昌,深圳佳兆业
3,0.588,34,0.6,5,5,8,1,40,4,0,5,3,11,2,4,0,1,17566,1,1,1,7,石家庄永昌,深圳佳兆业
1,0.712,52,0.6,5,10,5,2,50,2,0,4,1,10,1,3,0,1,17566,1,1,0,11,石家庄永昌,深圳佳兆业
4,0.669,127,0.698,4,5,5,0,53,11,1,3,2,8,1,3,0,7,17567,2,7,3,32,青岛黄海青港,武汉卓尔
2,0.63,46,0.757,3,1,4,1,37,5,1,2,2,5,1,0,0,3,17567,1,3,2,11,青岛黄海青港,武汉卓尔
2,0.691,81,0.562,1,4,1,2,16,6,0,1,0,3,0,3,0,4,17567,1,4,1,21,青岛黄海青港,武汉卓尔
4,0.69,84,0.5,7,10,9,0,82,8,1,6,3,21,2,9,0,4,17571,2,5,1,8,上海上港,江苏苏宁易购
1,0.75,40,0.382,3,2,3,1,34,5,1,1,2,8,0,5,0,4,17571,1,3,1,5,上海上港,江苏苏宁易购
3,0.636,44,0.583,4,8,6,2,48,3,0,5,1,13,2,4,0,0,17571,1,2,0,3,上海上港,江苏苏宁易购
4,0.757,103,0.727,18,12,21,0,161,14,1,17,4,24,3,12,0,10,17570,2,10,8,14,广州恒大淘宝,北京中赫国安
2,0.754,65,0.745,6,8,7,1,47,9,0,6,1,6,0,10,0,7,17570,1,7,5,10,广州恒大淘宝,北京中赫国安
2,0.763,38,0.719,12,4,14,2,114,5,1,11,3,18,3,2,0,3,17570,1,3,3,4,广州恒大淘宝,北京中赫国安
3,0.584,77,0.733,3,2,5,0,75,8,0,1,4,10,0,4,0,5,17590,1,4,3,7,河南建业,天津泰达
0,0.615,39,0.732,1,0,1,1,41,3,0,1,0,7,0,1,0,3,17590,0,1,2,2,河南建业,天津泰达
3,0.553,38,0.735,2,2,4,2,34,5,0,0,4,3,0,3,0,2,17590,1,3,1,5,河南建业,天津泰达
5,0.723,65,0.794,14,13,21,0,107,9,3,8,13,16,3,13,0,4,17591,1,7,0,11,广州富力,大连人
0,0.704,27,0.783,6,9,9,1,46,1,2,3,6,6,0,6,0,1,17591,0,1,0,5,广州富力,大连人
5,0.737,38,0.803,8,4,12,2,61,8,1,5,7,10,3,7,0,3,17591,1,6,0,6,广州富力,大连人
4,0.727,55,0.691,11,9,18,0,94,10,2,13,5,21,4,4,0,6,17592,1,7,0,10,青岛黄海青港,深圳佳兆业
2,0.739,23,0.707,7,5,11,1,41,5,0,9,2,9,3,1,0,3,17592,0,5,0,4,青岛黄海青港,深圳佳兆业
2,0.719,32,0.679,4,4,7,2,53,5,2,4,3,12,1,3,0,3,17592,1,2,0,6,青岛黄海青港,深圳佳兆业
5,0.793,87,0.686,4,3,8,0,86,8,1,5,3,11,4,3,0,3,17594,3,5,2,10,上海绿地申花,河北华夏幸福
3,0.69,29,0.65,0,0,2,1,20,5,0,2,0,2,1,1,0,2,17594,1,4,1,3,上海绿地申花,河北华夏幸福
2,0.845,58,0.697,4,3,6,2,66,3,1,3,3,9,3,2,0,1,17594,2,1,1,7,上海绿地申花,河北华夏幸福
2,0.723,83,0.806,14,13,19,0,134,11,0,16,3,20,10,26,0,9,17595,0,6,5,7,重庆当代,山东鲁能泰山
1,0.796,54,0.804,7,6,9,1,46,4,0,8,1,8,6,10,0,3,17595,0,3,1,2,重庆当代,山东鲁能泰山
1,0.586,29,0.807,7,7,10,2,88,7,0,8,2,12,4,16,0,6,17595,0,3,4,5,重庆当代,山东鲁能泰山
2,0.662,80,0.609,4,4,5,0,69,6,0,4,1,21,0,5,0,4,17593,0,5,1,16,武汉卓尔,石家庄永昌
1,0.712,59,0.586,1,3,1,1,29,4,0,1,0,9,0,2,0,3,17593,0,3,1,7,武汉卓尔,石家庄永昌
1,0.524,21,0.625,3,1,4,2,40,2,0,3,1,12,0,3,0,1,17593,0,2,0,9,武汉卓尔,石家庄永昌
5,0.725,131,0.82,4,11,6,0,139,11,1,5,1,13,5,13,0,6,17596,0,8,3,23,上海上港,北京中赫国安
2,0.767,90,0.776,1,2,2,1,49,6,0,2,0,8,2,4,0,4,17596,0,3,3,16,上海上港,北京中赫国安
3,0.634,41,0.844,3,9,4,2,90,5,1,3,1,5,3,9,0,2,17596,0,5,0,7,上海上港,北京中赫国安
0,0.703,37,0.744,8,5,9,0,82,0,1,4,5,15,0,1,0,0,17597,0,0,0,7,江苏苏宁易购,广州恒大淘宝
0,0.714,14,0.742,4,4,4,1,31,0,0,2,2,5,0,1,0,0,17597,0,0,0,2,江苏苏宁易购,广州恒大淘宝
0,0.696,23,0.745,4,1,5,2,51,0,1,2,3,10,0,0,0,0,17597,0,0,0,5,江苏苏宁易购,广州恒大淘宝
6,0.573,89,0.591,4,8,8,0,66,8,1,3,5,10,0,10,0,2,17598,2,6,0,16,天津泰达,河南建业
4,0.706,34,0.622,2,4,5,1,37,4,1,2,3,5,0,6,0,0,17598,1,3,0,6,天津泰达,河南建业
2,0.491,55,0.552,2,4,3,2,29,4,0,1,2,5,0,4,0,2,17598,1,3,0,10,天津泰达,河南建业
2,0.762,101,0.763,5,3,9,0,118,12,1,4,5,16,3,4,0,10,17599,0,10,0,23,大连人,广州富力
1,0.795,44,0.775,2,1,4,1,71,4,1,1,3,9,1,2,0,3,17599,0,4,0,11,大连人,广州富力
1,0.737,57,0.745,3,2,5,2,47,8,0,3,2,7,2,2,0,7,17599,0,6,0,12,大连人,广州富力
5,0.767,150,0.689,6,9,9,0,74,15,3,4,5,10,1,4,0,10,17600,3,10,4,21,深圳佳兆业,青岛黄海青港
3,0.708,72,0.655,3,3,4,1,29,9,2,0,4,3,0,2,0,6,17600,2,7,2,15,深圳佳兆业,青岛黄海青港
2,0.821,78,0.711,3,6,5,2,45,6,1,4,1,7,1,2,0,4,17600,1,3,2,6,深圳佳兆业,青岛黄海青港
2,0.684,57,0.727,6,10,7,0,77,6,0,3,4,13,2,11,0,4,17602,1,2,1,7,河北华夏幸福,上海绿地申花
1,0.73,37,0.643,3,6,3,1,28,5,0,2,1,4,1,6,0,4,17602,0,2,1,4,河北华夏幸福,上海绿地申花
1,0.6,20,0.776,3,4,4,2,49,1,0,1,3,9,1,5,0,0,17602,1,0,0,3,河北华夏幸福,上海绿地申花
6,0.722,133,0.658,5,6,6,0,76,12,0,2,4,15,1,7,0,6,17603,0,7,4,19,山东鲁能泰山,重庆当代
3,0.726,62,0.591,2,1,3,1,22,7,0,1,2,7,1,3,0,4,17603,0,4,4,8,山东鲁能泰山,重庆当代
3,0.718,71,0.685,3,5,3,2,54,5,0,1,2,8,0,4,0,2,17603,0,3,0,11,山东鲁能泰山,重庆当代
3,0.663,83,0.661,5,14,11,0,109,7,1,9,2,19,3,8,0,4,17601,0,3,1,20,石家庄永昌,武汉卓尔
1,0.714,49,0.714,2,6,5,1,42,3,1,4,1,9,1,1,0,2,17601,0,3,0,12,石家庄永昌,武汉卓尔
2,0.588,34,0.627,3,8,6,2,67,4,0,5,1,10,2,7,0,2,17601,0,0,1,8,石家庄永昌,武汉卓尔
5,0.667,54,0.682,16,8,20,0,151,8,2,11,9,25,3,5,0,3,17604,2,5,0,9,北京中赫国安,上海上港
3,0.696,23,0.688,6,3,7,1,77,5,0,4,3,6,0,3,0,2,17604,1,2,0,5,北京中赫国安,上海上港
2,0.645,31,0.676,10,5,13,2,74,3,2,7,6,19,3,2,0,1,17604,1,3,0,4,北京中赫国安,上海上港
6,0.711,83,0.695,4,13,8,0,59,7,3,3,5,7,2,6,0,1,17605,1,3,1,8,广州恒大淘宝,江苏苏宁易购
2,0.677,62,0.774,1,6,2,1,31,2,1,1,1,4,1,2,0,0,17605,1,2,0,4,广州恒大淘宝,江苏苏宁易购
4,0.81,21,0.607,3,7,6,2,28,5,2,2,4,3,1,4,0,1,17605,0,1,1,4,广州恒大淘宝,江苏苏宁易购
