guestShotsBlocks,guestIntercepttions,guestRedCard,guestYellowCard,half,homeYellowCard,homeTacklesConneceded,guestPassBlocks,homePassBlocks,homeClearances,matchHalf,homeRedCard,guestTackles,homeShotsBlocks,homeFoul,guestFoul,matchId,homeIntercepttions,homeTackles,guestClearances,guestTacklesConneceded,l_team,r_team
1,28,1,5,0,3,0,8,9,15,0,0,12,2,20,20,2761,14,22,25,0,贵州恒丰智诚,辽宁沈阳开新
1,13,0,2,1,2,0,3,6,8,0,0,6,1,12,9,2761,7,13,14,0,贵州恒丰智诚,辽宁沈阳开新
0,15,1,3,2,1,0,5,3,7,0,0,6,1,8,11,2761,7,9,11,0,贵州恒丰智诚,辽宁沈阳开新
3,13,0,2,0,1,0,11,6,23,0,0,22,1,10,17,2762,15,15,15,0,广州富力,天津权健
3,7,0,0,1,0,0,7,4,8,0,0,10,0,7,8,2762,11,8,8,0,广州富力,天津权健
0,6,0,2,2,1,0,4,2,15,0,0,12,1,3,9,2762,4,7,7,0,广州富力,天津权健
1,10,0,2,0,4,0,14,9,15,0,0,11,1,21,18,2763,11,22,16,0,山东鲁能泰山,天津亿利
0,6,0,0,1,1,0,4,6,8,0,0,4,0,10,7,2763,4,7,8,0,山东鲁能泰山,天津亿利
1,4,0,2,2,3,0,10,3,7,0,0,7,1,11,11,2763,7,15,8,0,山东鲁能泰山,天津亿利
4,12,0,2,0,1,0,10,5,16,0,0,22,0,20,13,2764,8,27,10,0,上海上港,长春亚泰
2,6,0,1,1,0,0,4,0,6,0,0,13,0,9,7,2764,3,11,2,0,上海上港,长春亚泰
2,6,0,1,2,1,0,6,5,10,0,0,9,0,11,6,2764,5,16,8,0,上海上港,长春亚泰
7,9,0,1,0,0,0,10,6,8,0,0,25,2,6,14,2765,11,12,23,0,重庆当代力帆,延边富德
2,5,0,1,1,0,0,3,2,3,0,0,6,2,2,7,2765,6,7,11,0,重庆当代力帆,延边富德
5,4,0,0,2,0,0,7,4,5,0,0,19,0,4,7,2765,5,5,12,0,重庆当代力帆,延边富德
3,16,1,2,0,6,0,6,12,13,0,0,15,4,20,18,2766,7,19,20,0,上海绿地申花,江苏苏宁易购
3,4,0,2,1,2,0,4,5,5,0,0,10,0,7,12,2766,4,8,11,0,上海绿地申花,江苏苏宁易购
0,12,1,0,2,4,0,2,7,8,0,0,5,4,13,6,2766,3,11,9,0,上海绿地申花,江苏苏宁易购
4,23,1,5,0,6,0,8,11,8,0,1,15,1,27,24,2767,17,9,11,0,广州恒大淘宝,北京中赫国安
1,13,0,1,1,3,0,6,5,3,0,0,12,1,15,13,2767,8,3,1,0,广州恒大淘宝,北京中赫国安
3,10,1,4,2,4,0,2,6,5,0,1,3,0,12,11,2767,9,6,10,0,广州恒大淘宝,北京中赫国安
1,10,0,3,0,2,0,10,15,13,0,0,20,2,20,23,2768,15,27,14,0,河南建业,河北华夏幸福
0,6,0,3,1,1,0,8,5,4,0,0,6,1,14,13,2768,8,15,8,0,河南建业,河北华夏幸福
1,4,0,0,2,1,0,2,10,9,0,0,14,1,6,10,2768,7,12,6,0,河南建业,河北华夏幸福
7,14,0,0,0,0,0,13,8,12,0,0,23,2,13,8,2769,10,29,32,0,上海上港,延边富德
5,9,0,0,1,0,0,7,6,1,0,0,14,0,4,1,2769,4,13,22,0,上海上港,延边富德
2,5,0,0,2,0,0,6,2,11,0,0,9,2,9,7,2769,6,16,10,0,上海上港,延边富德
1,16,0,2,0,4,0,12,14,14,0,0,21,0,20,13,2770,14,22,9,0,江苏苏宁易购,天津亿利
0,6,0,1,1,3,0,4,6,10,0,0,9,0,9,5,2770,7,10,3,0,江苏苏宁易购,天津亿利
1,10,0,1,2,1,0,8,8,4,0,0,12,0,11,8,2770,7,12,6,0,江苏苏宁易购,天津亿利
1,10,0,2,0,2,0,14,14,17,0,0,17,1,17,11,2772,20,13,16,0,山东鲁能泰山,广州恒大淘宝
1,6,0,2,1,0,0,10,6,7,0,0,7,1,8,7,2772,9,8,8,0,山东鲁能泰山,广州恒大淘宝
0,4,0,0,2,2,0,4,8,10,0,0,10,0,9,4,2772,11,5,8,0,山东鲁能泰山,广州恒大淘宝
5,12,0,2,0,2,0,13,11,15,0,0,20,2,18,15,2771,10,18,18,0,贵州恒丰智诚,北京中赫国安
3,7,0,1,1,0,0,8,7,12,0,0,11,0,7,5,2771,4,12,10,0,贵州恒丰智诚,北京中赫国安
2,5,0,1,2,2,0,5,4,3,0,0,9,2,11,10,2771,6,6,8,0,贵州恒丰智诚,北京中赫国安
2,23,0,3,0,1,0,8,12,11,0,0,15,1,10,31,2774,12,13,16,0,重庆当代力帆,河北华夏幸福
0,15,0,1,1,1,0,3,8,7,0,0,9,1,1,14,2774,6,3,10,0,重庆当代力帆,河北华夏幸福
2,8,0,2,2,0,0,5,4,4,0,0,6,0,9,17,2774,6,10,6,0,重庆当代力帆,河北华夏幸福
3,10,0,4,0,3,0,11,7,16,0,1,17,2,14,20,2773,15,11,11,0,上海绿地申花,天津权健
1,5,0,2,1,2,0,7,2,6,0,1,8,0,6,10,2773,10,9,5,0,上海绿地申花,天津权健
2,5,0,2,2,1,0,4,5,10,0,0,9,2,8,10,2773,5,2,6,0,上海绿地申花,天津权健
2,20,0,2,0,2,0,12,9,13,0,0,20,8,16,16,2775,11,21,11,0,广州富力,长春亚泰
1,10,0,2,1,1,0,7,5,2,0,0,8,3,8,9,2775,3,14,2,0,广州富力,长春亚泰
1,10,0,0,2,1,0,5,4,11,0,0,12,5,8,7,2775,8,7,9,0,广州富力,长春亚泰
8,15,0,4,0,0,0,9,10,6,0,0,22,0,18,17,2776,20,20,45,0,河南建业,辽宁沈阳开新
5,11,0,0,1,0,0,6,6,4,0,0,14,0,9,8,2776,12,10,24,0,河南建业,辽宁沈阳开新
3,4,0,4,2,0,0,3,4,2,0,0,8,0,9,9,2776,8,10,21,0,河南建业,辽宁沈阳开新
6,13,0,3,0,1,0,7,6,11,0,0,18,2,20,14,2777,9,17,20,0,延边富德,广州富力
3,5,0,1,1,1,0,5,3,5,0,0,9,1,10,6,2777,5,8,12,0,延边富德,广州富力
3,8,0,2,2,0,0,2,3,6,0,0,9,1,10,8,2777,4,9,8,0,延边富德,广州富力
2,18,0,0,0,2,0,18,20,14,0,1,24,1,15,19,2778,8,8,19,0,天津权健,河南建业
0,9,0,0,1,1,0,9,7,5,0,0,12,0,7,8,2778,5,5,8,0,天津权健,河南建业
2,9,0,0,2,1,0,9,13,9,0,1,12,1,8,11,2778,3,3,11,0,天津权健,河南建业
3,10,0,2,0,3,0,7,9,21,0,0,18,4,19,11,2779,11,23,20,0,广州恒大淘宝,上海上港
1,7,0,0,1,1,0,2,4,11,0,0,9,3,11,3,2779,8,12,10,0,广州恒大淘宝,上海上港
2,3,0,2,2,2,0,5,5,10,0,0,9,1,8,8,2779,3,11,10,0,广州恒大淘宝,上海上港
2,18,1,3,0,0,0,13,10,6,0,0,13,0,15,33,2780,10,17,23,0,河北华夏幸福,贵州恒丰智诚
2,7,0,1,1,0,0,5,7,3,0,0,5,0,7,19,2780,4,8,14,0,河北华夏幸福,贵州恒丰智诚
0,11,1,2,2,0,0,8,3,3,0,0,8,0,8,14,2780,6,9,9,0,河北华夏幸福,贵州恒丰智诚
1,16,0,4,0,3,0,11,9,17,0,0,22,0,11,23,2782,15,9,20,0,长春亚泰,山东鲁能泰山
0,12,0,1,1,0,0,7,5,3,0,0,18,0,4,9,2782,13,6,10,0,长春亚泰,山东鲁能泰山
1,4,0,3,2,3,0,4,4,14,0,0,4,0,7,14,2782,2,3,10,0,长春亚泰,山东鲁能泰山
2,15,0,1,0,3,0,8,8,19,0,0,19,3,20,13,2781,12,13,14,0,辽宁沈阳开新,江苏苏宁易购
0,8,0,0,1,2,0,5,4,11,0,0,8,0,10,7,2781,5,7,8,0,辽宁沈阳开新,江苏苏宁易购
2,7,0,1,2,1,0,3,4,8,0,0,11,3,10,6,2781,7,6,6,0,辽宁沈阳开新,江苏苏宁易购
3,12,0,4,0,3,0,10,11,17,0,0,17,3,21,20,2783,15,17,28,0,北京中赫国安,上海绿地申花
1,7,0,3,1,1,0,6,3,8,0,0,9,3,6,15,2783,6,9,14,0,北京中赫国安,上海绿地申花
2,5,0,1,2,2,0,4,8,9,0,0,8,0,15,5,2783,9,8,14,0,北京中赫国安,上海绿地申花
2,15,0,2,0,3,0,4,8,20,0,0,16,2,18,11,2784,12,18,21,0,天津亿利,重庆当代力帆
2,9,0,0,1,1,0,2,4,6,0,0,8,2,9,6,2784,4,11,18,0,天津亿利,重庆当代力帆
0,6,0,2,2,2,0,2,4,14,0,0,8,0,9,5,2784,8,7,3,0,天津亿利,重庆当代力帆
5,14,0,5,0,1,0,8,13,25,0,0,26,4,5,26,2785,9,14,17,0,上海上港,山东鲁能泰山
3,8,0,2,1,0,0,5,7,10,0,0,18,3,4,14,2785,6,10,8,0,上海上港,山东鲁能泰山
2,6,0,3,2,1,0,3,6,15,0,0,8,1,1,12,2785,3,4,9,0,上海上港,山东鲁能泰山
2,11,0,1,0,2,0,17,7,8,0,0,22,0,12,17,2786,10,18,27,0,江苏苏宁易购,重庆当代力帆
1,10,0,0,1,1,0,9,5,4,0,0,13,0,5,9,2786,5,12,9,0,江苏苏宁易购,重庆当代力帆
1,1,0,1,2,1,0,8,2,4,0,0,9,0,7,8,2786,5,6,18,0,江苏苏宁易购,重庆当代力帆
2,12,1,0,0,2,0,10,10,12,0,0,25,0,18,23,2787,12,16,11,0,北京中赫国安,河南建业
1,7,0,1,1,1,0,4,6,8,0,0,16,0,9,13,2787,8,5,7,0,北京中赫国安,河南建业
1,5,1,0,2,1,0,6,4,4,0,0,9,0,9,10,2787,4,11,4,0,北京中赫国安,河南建业
3,12,0,2,0,2,0,7,4,22,0,0,11,1,16,17,2788,9,15,21,0,贵州恒丰智诚,天津亿利
2,7,0,0,1,0,0,4,2,15,0,0,7,1,8,6,2788,6,8,11,0,贵州恒丰智诚,天津亿利
1,5,0,2,2,2,0,3,2,7,0,0,4,0,8,11,2788,3,7,10,0,贵州恒丰智诚,天津亿利
1,17,0,1,0,4,0,8,8,16,0,0,16,2,19,18,2789,19,19,15,0,广州恒大淘宝,广州富力
1,7,0,0,1,1,0,2,5,7,0,0,8,2,8,5,2789,14,7,5,0,广州恒大淘宝,广州富力
0,10,0,1,2,3,0,6,3,9,0,0,8,0,11,13,2789,5,12,10,0,广州恒大淘宝,广州富力
2,17,0,2,0,2,0,8,8,25,0,0,10,0,17,13,2790,23,16,17,0,河北华夏幸福,上海绿地申花
2,8,0,2,1,2,0,3,3,9,0,0,3,0,10,5,2790,12,10,13,0,河北华夏幸福,上海绿地申花
0,9,0,0,2,0,0,5,5,16,0,0,7,0,7,8,2790,11,6,4,0,河北华夏幸福,上海绿地申花
4,10,1,2,0,1,0,5,4,12,0,0,18,0,22,18,2791,17,14,18,0,长春亚泰,辽宁沈阳开新
3,4,0,2,1,0,0,3,1,7,0,0,9,0,10,9,2791,8,6,11,0,长春亚泰,辽宁沈阳开新
1,6,1,1,2,1,0,2,3,5,0,0,9,0,12,9,2791,9,8,7,0,长春亚泰,辽宁沈阳开新
3,24,0,2,0,2,0,6,9,12,0,0,24,3,20,16,2792,7,19,18,0,天津权健,延边富德
2,9,0,2,1,0,0,4,5,5,0,0,12,0,7,11,2792,3,8,9,0,天津权健,延边富德
1,15,0,0,2,2,0,2,4,7,0,0,12,3,13,5,2792,4,11,9,0,天津权健,延边富德
2,8,0,4,0,1,0,12,10,18,0,0,18,2,15,26,2793,17,18,8,0,重庆当代力帆,贵州恒丰智诚
1,3,0,0,1,0,0,5,7,10,0,0,13,1,5,11,2793,9,10,5,0,重庆当代力帆,贵州恒丰智诚
1,5,0,4,2,1,0,7,3,8,0,0,5,1,10,15,2793,8,8,3,0,重庆当代力帆,贵州恒丰智诚
5,4,0,4,0,2,0,8,9,16,0,0,20,2,21,18,2799,4,10,19,0,长春亚泰,上海绿地申花
4,2,0,1,1,2,0,5,5,5,0,0,11,0,6,11,2799,2,4,11,0,长春亚泰,上海绿地申花
1,2,0,3,2,0,0,3,4,11,0,0,9,2,15,7,2799,2,6,8,0,长春亚泰,上海绿地申花
6,9,0,4,0,0,0,13,16,19,0,0,13,1,14,18,2794,13,21,14,0,天津权健,上海上港
0,3,0,1,1,0,0,3,7,7,0,0,6,1,9,10,2794,8,8,5,0,天津权健,上海上港
6,6,0,3,2,0,0,10,9,12,0,0,7,0,5,8,2794,5,13,9,0,天津权健,上海上港
4,7,0,1,0,3,0,7,7,16,0,0,12,7,18,17,2795,8,14,8,0,河南建业,江苏苏宁易购
1,5,0,1,1,2,0,5,3,5,0,0,7,1,9,9,2795,7,10,4,0,河南建业,江苏苏宁易购
3,2,0,0,2,1,0,2,4,11,0,0,5,6,9,8,2795,1,4,4,0,河南建业,江苏苏宁易购
1,12,0,2,0,2,0,8,2,9,0,0,17,1,24,11,2797,15,19,8,0,山东鲁能泰山,北京中赫国安
1,8,0,0,1,0,0,6,1,3,0,0,10,0,10,2,2797,8,11,5,0,山东鲁能泰山,北京中赫国安
0,4,0,2,2,2,0,2,1,6,0,0,7,1,14,9,2797,7,8,3,0,山东鲁能泰山,北京中赫国安
2,12,0,3,0,2,0,8,9,23,0,0,17,5,15,18,2798,10,19,38,0,延边富德,河北华夏幸福
1,10,0,2,1,0,0,1,4,17,0,0,12,0,7,8,2798,4,7,22,0,延边富德,河北华夏幸福
1,2,0,1,2,2,0,7,5,6,0,0,5,5,8,10,2798,6,12,16,0,延边富德,河北华夏幸福
3,19,0,3,0,4,0,11,8,24,0,0,19,2,11,16,2800,14,17,29,0,天津亿利,广州恒大淘宝
1,7,0,2,1,0,0,4,6,15,0,0,6,1,4,11,2800,6,8,12,0,天津亿利,广州恒大淘宝
2,12,0,1,2,4,0,7,2,9,0,0,13,1,7,5,2800,8,9,17,0,天津亿利,广州恒大淘宝
7,16,0,0,0,1,0,8,6,4,0,0,20,3,23,13,2796,12,23,25,0,辽宁沈阳开新,广州富力
5,9,0,0,1,0,0,5,5,2,0,0,9,2,6,7,2796,7,14,16,0,辽宁沈阳开新,广州富力
2,7,0,0,2,1,0,3,1,2,0,0,11,1,17,6,2796,5,9,9,0,辽宁沈阳开新,广州富力
3,19,0,2,0,1,0,21,16,12,0,0,16,2,13,21,2801,10,17,20,0,北京中赫国安,天津权健
1,5,0,2,1,1,0,12,8,6,0,0,10,0,9,11,2801,6,5,10,0,北京中赫国安,天津权健
2,14,0,0,2,0,0,9,8,6,0,0,6,2,4,10,2801,4,12,10,0,北京中赫国安,天津权健
4,17,0,2,0,4,0,11,12,24,0,1,11,3,15,15,2802,15,15,33,0,广州恒大淘宝,辽宁沈阳开新
1,11,0,1,1,0,0,8,7,9,0,0,6,3,7,5,2802,8,5,21,0,广州恒大淘宝,辽宁沈阳开新
3,6,0,1,2,4,0,3,5,15,0,1,5,0,8,10,2802,7,10,12,0,广州恒大淘宝,辽宁沈阳开新
2,9,0,2,0,0,0,7,7,22,0,0,22,1,20,16,2803,11,24,8,0,上海上港,河北华夏幸福
1,6,0,1,1,0,0,4,4,11,0,0,10,1,7,7,2803,4,15,7,0,上海上港,河北华夏幸福
1,3,0,1,2,0,0,3,3,11,0,0,12,0,13,9,2803,7,9,1,0,上海上港,河北华夏幸福
4,11,0,1,0,2,0,13,11,12,0,0,20,1,21,18,2806,8,22,19,0,江苏苏宁易购,广州富力
2,6,0,1,1,1,0,7,5,1,0,0,11,0,10,8,2806,7,10,6,0,江苏苏宁易购,广州富力
2,5,0,0,2,1,0,6,6,11,0,0,9,1,11,10,2806,1,12,13,0,江苏苏宁易购,广州富力
4,8,0,0,0,2,0,6,11,7,0,0,19,3,16,12,2804,11,20,27,0,天津亿利,延边富德
2,4,0,0,1,1,0,1,4,4,0,0,8,0,8,4,2804,3,8,22,0,天津亿利,延边富德
2,4,0,0,2,1,0,5,7,3,0,0,11,3,8,8,2804,8,12,5,0,天津亿利,延边富德
2,10,0,3,0,2,0,17,6,12,0,0,11,2,22,18,2805,10,15,18,0,贵州恒丰智诚,上海绿地申花
1,4,0,0,1,0,0,6,4,6,0,0,4,1,6,6,2805,4,10,8,0,贵州恒丰智诚,上海绿地申花
1,6,0,3,2,2,0,11,2,6,0,0,7,1,16,12,2805,6,5,10,0,贵州恒丰智诚,上海绿地申花
2,17,0,4,0,2,0,19,6,23,0,0,27,1,19,24,2807,10,14,18,0,长春亚泰,河南建业
2,9,0,2,1,1,0,9,4,11,0,0,12,0,11,11,2807,4,8,10,0,长春亚泰,河南建业
0,8,0,2,2,1,0,10,2,12,0,0,15,1,8,13,2807,6,6,8,0,长春亚泰,河南建业
5,13,0,1,0,2,0,7,5,15,0,0,13,1,13,12,2808,17,20,28,0,山东鲁能泰山,重庆当代力帆
1,6,0,1,1,0,0,3,4,9,0,0,7,0,7,5,2808,9,12,10,0,山东鲁能泰山,重庆当代力帆
4,7,0,0,2,2,0,4,1,6,0,0,6,1,6,7,2808,8,8,18,0,山东鲁能泰山,重庆当代力帆
5,13,1,2,0,2,0,11,7,9,0,0,15,2,10,19,2809,14,8,22,0,广州富力,贵州恒丰智诚
2,7,0,1,1,0,0,5,3,4,0,0,6,0,3,12,2809,8,2,13,0,广州富力,贵州恒丰智诚
3,6,1,1,2,2,0,6,4,5,0,0,9,2,7,7,2809,6,6,9,0,广州富力,贵州恒丰智诚
4,13,0,1,0,2,0,17,13,15,0,0,21,2,19,25,2810,9,16,25,0,辽宁沈阳开新,北京中赫国安
2,9,0,0,1,1,0,8,11,14,0,0,8,1,10,8,2810,5,13,8,0,辽宁沈阳开新,北京中赫国安
2,4,0,1,2,1,0,9,2,1,0,0,13,1,9,17,2810,4,3,17,0,辽宁沈阳开新,北京中赫国安
4,17,0,2,0,3,0,18,16,25,0,0,15,6,14,22,2811,9,22,13,0,,
2,8,0,0,1,1,0,12,6,12,0,0,8,4,6,8,2811,5,11,8,0,,
2,9,0,2,2,2,0,6,10,13,0,0,7,2,8,14,2811,4,11,5,0,,
2,15,0,4,0,4,0,13,13,9,0,0,17,4,15,18,2813,9,13,16,0,天津权健,江苏苏宁易购
0,7,0,1,1,0,0,9,9,2,0,0,9,2,3,11,2813,5,10,4,0,天津权健,江苏苏宁易购
2,8,0,3,2,4,0,4,4,7,0,0,8,2,12,7,2813,4,3,12,0,天津权健,江苏苏宁易购
0,13,1,3,0,1,0,8,4,14,0,0,11,2,20,14,2812,8,12,11,0,河北华夏幸福,天津亿利
0,6,1,3,1,0,0,3,2,9,0,0,3,2,10,11,2812,2,5,4,0,河北华夏幸福,天津亿利
0,7,0,0,2,1,0,5,2,5,0,0,8,0,10,3,2812,6,7,7,0,河北华夏幸福,天津亿利
2,30,0,2,0,1,0,10,8,12,0,0,25,0,15,17,2815,12,25,22,0,河南建业,广州恒大淘宝
2,14,0,1,1,0,0,5,4,8,0,0,11,0,6,7,2815,7,8,8,0,河南建业,广州恒大淘宝
0,16,0,1,2,1,0,5,4,4,0,0,14,0,9,10,2815,5,17,14,0,河南建业,广州恒大淘宝
2,11,0,2,0,1,0,7,6,14,0,0,22,5,12,13,2814,14,25,17,0,重庆当代力帆,上海上港
1,6,0,1,1,0,0,3,3,6,0,0,11,2,6,5,2814,8,11,5,0,重庆当代力帆,上海上港
1,5,0,1,2,1,0,4,3,8,0,0,11,3,6,8,2814,6,14,12,0,重庆当代力帆,上海上港
1,14,0,3,0,4,0,8,10,28,0,0,19,2,9,18,2816,9,15,18,0,上海绿地申花,山东鲁能泰山
1,6,0,2,1,0,0,5,7,11,0,0,6,1,3,7,2816,5,8,6,0,上海绿地申花,山东鲁能泰山
0,8,0,1,2,4,0,3,3,17,0,0,13,1,6,11,2816,4,7,12,0,上海绿地申花,山东鲁能泰山
4,10,0,2,0,1,0,15,5,4,0,0,15,2,23,16,2819,12,18,33,0,江苏苏宁易购,延边富德
1,7,0,1,1,0,0,10,2,2,0,0,8,1,8,8,2819,8,7,17,0,江苏苏宁易购,延边富德
3,3,0,1,2,1,0,5,3,2,0,0,7,1,15,8,2819,4,11,16,0,江苏苏宁易购,延边富德
1,8,1,3,0,4,0,9,8,5,0,0,11,1,18,20,2821,13,16,32,0,广州恒大淘宝,上海绿地申花
1,3,0,2,1,2,0,5,7,4,0,0,8,1,12,7,2821,9,7,10,0,广州恒大淘宝,上海绿地申花
0,5,1,1,2,2,0,4,1,1,0,0,3,0,6,13,2821,4,9,22,0,广州恒大淘宝,上海绿地申花
5,13,0,4,0,3,0,18,8,8,0,0,20,4,23,19,2817,15,17,27,0,天津权健,长春亚泰
1,8,0,2,1,2,0,6,3,5,0,0,11,1,11,12,2817,9,9,8,0,天津权健,长春亚泰
4,5,0,2,2,1,0,12,5,3,0,0,9,3,12,7,2817,6,8,19,0,天津权健,长春亚泰
6,16,1,2,0,0,0,8,4,18,0,0,17,3,14,18,2818,13,21,16,0,上海上港,贵州恒丰智诚
5,7,0,1,1,0,0,3,4,7,0,0,7,2,5,13,2818,7,9,9,0,上海上港,贵州恒丰智诚
1,9,1,1,2,0,0,5,0,11,0,0,10,1,9,5,2818,6,12,7,0,上海上港,贵州恒丰智诚
3,21,0,3,0,1,0,14,16,7,0,0,21,1,5,14,2823,13,19,26,0,重庆当代力帆,河南建业
0,11,0,1,1,1,0,11,6,5,0,0,9,1,1,5,2823,7,11,9,0,重庆当代力帆,河南建业
3,10,0,2,2,0,0,3,10,2,0,0,12,0,4,9,2823,6,8,17,0,重庆当代力帆,河南建业
5,12,0,2,0,1,0,7,5,12,0,0,14,1,14,19,2822,14,17,22,0,天津亿利,辽宁沈阳开新
2,6,0,1,1,0,0,3,2,4,0,0,8,1,7,10,2822,3,8,8,0,天津亿利,辽宁沈阳开新
3,6,0,1,2,1,0,4,3,8,0,0,6,0,7,9,2822,11,9,14,0,天津亿利,辽宁沈阳开新
2,8,0,3,0,1,0,12,8,9,0,0,20,0,11,17,2820,7,16,7,0,北京中赫国安,河北华夏幸福
1,6,0,2,1,0,0,6,2,4,0,0,11,0,5,4,2820,5,7,3,0,北京中赫国安,河北华夏幸福
1,2,0,1,2,1,0,6,6,5,0,0,9,0,6,13,2820,2,9,4,0,北京中赫国安,河北华夏幸福
2,11,0,0,0,0,0,11,3,19,0,0,17,2,17,7,2824,24,21,12,0,山东鲁能泰山,广州富力
0,6,0,0,1,0,0,5,1,8,0,0,14,0,9,5,2824,13,8,5,0,山东鲁能泰山,广州富力
2,5,0,0,2,0,0,6,2,11,0,0,3,2,8,2,2824,11,13,7,0,山东鲁能泰山,广州富力
5,6,0,2,0,1,0,6,4,12,0,0,9,2,16,13,2825,8,15,21,0,广州富力,河北华夏幸福
1,4,0,1,1,0,0,5,3,5,0,0,4,1,7,8,2825,6,9,5,0,广州富力,河北华夏幸福
4,2,0,1,2,1,0,1,1,7,0,0,5,1,9,5,2825,2,6,16,0,广州富力,河北华夏幸福
4,10,0,0,0,3,0,5,10,21,0,0,12,2,23,15,2826,12,15,7,0,辽宁沈阳开新,重庆当代力帆
4,4,0,0,1,1,0,3,6,10,0,0,4,1,12,6,2826,5,7,5,0,辽宁沈阳开新,重庆当代力帆
0,6,0,0,2,2,0,2,4,11,0,0,8,1,11,9,2826,7,8,2,0,辽宁沈阳开新,重庆当代力帆
6,28,0,4,0,1,0,10,11,10,0,0,13,4,12,23,2827,15,17,23,0,延边富德,北京中赫国安
0,13,0,1,1,1,0,3,7,5,0,0,9,2,6,6,2827,9,9,9,0,延边富德,北京中赫国安
6,15,0,3,2,0,0,7,4,5,0,0,4,2,6,17,2827,6,8,14,0,延边富德,北京中赫国安
4,10,0,4,0,1,0,12,6,28,0,0,8,6,28,18,2828,7,15,16,0,贵州恒丰智诚,天津权健
3,4,0,2,1,1,0,8,1,13,0,0,3,2,14,11,2828,3,4,7,0,贵州恒丰智诚,天津权健
1,6,0,2,2,0,0,4,5,15,0,0,5,4,14,7,2828,4,11,9,0,贵州恒丰智诚,天津权健
4,15,0,1,0,1,0,14,13,19,0,0,11,1,8,15,2829,5,22,43,0,河南建业,上海绿地申花
4,9,0,0,1,0,0,6,7,6,0,0,7,0,4,7,2829,4,7,20,0,河南建业,上海绿地申花
0,6,0,1,2,1,0,8,6,13,0,0,4,1,4,8,2829,1,15,23,0,河南建业,上海绿地申花
0,22,0,2,0,1,0,14,10,17,0,0,17,2,20,19,2830,21,15,20,0,长春亚泰,广州恒大淘宝
0,10,0,0,1,1,0,6,3,11,0,0,7,1,9,10,2830,10,8,9,0,长春亚泰,广州恒大淘宝
0,12,0,2,2,0,0,8,7,6,0,0,10,1,11,9,2830,11,7,11,0,长春亚泰,广州恒大淘宝
8,12,1,2,0,1,0,6,10,13,0,0,15,2,13,16,2831,12,17,18,0,江苏苏宁易购,山东鲁能泰山
2,8,0,2,1,0,0,2,4,4,0,0,6,1,9,9,2831,7,10,7,0,江苏苏宁易购,山东鲁能泰山
6,4,1,1,2,1,0,4,6,9,0,0,9,1,4,7,2831,5,7,11,0,江苏苏宁易购,山东鲁能泰山
4,15,0,1,0,3,0,11,10,15,0,0,13,0,17,14,2832,18,19,30,0,天津亿利,上海上港
0,7,0,0,1,0,0,6,5,9,0,0,6,0,6,5,2832,11,7,13,0,天津亿利,上海上港
4,8,0,1,2,3,0,5,5,6,0,0,7,0,11,9,2832,7,12,17,0,天津亿利,上海上港
3,14,0,3,0,1,0,8,9,6,0,0,22,1,18,13,2833,14,11,27,0,北京中赫国安,广州富力
0,5,0,2,1,1,0,3,2,5,0,0,8,1,6,7,2833,9,5,7,0,北京中赫国安,广州富力
3,9,0,1,2,0,0,5,7,1,0,0,14,0,12,6,2833,5,6,20,0,北京中赫国安,广州富力
5,19,0,3,0,3,0,5,11,26,0,1,17,8,16,16,2834,23,18,14,0,广州恒大淘宝,江苏苏宁易购
4,9,0,0,1,1,0,3,8,11,0,0,10,4,5,5,2834,18,7,6,0,广州恒大淘宝,江苏苏宁易购
1,10,0,3,2,3,0,2,3,15,0,1,7,4,11,11,2834,5,11,8,0,广州恒大淘宝,江苏苏宁易购
2,12,0,3,0,1,0,12,8,25,0,0,16,1,8,15,2835,15,10,22,0,延边富德,山东鲁能泰山
1,4,0,1,1,1,0,8,2,8,0,0,11,1,5,5,2835,9,6,9,0,延边富德,山东鲁能泰山
1,8,0,2,2,0,0,4,6,17,0,0,5,0,3,10,2835,6,4,13,0,延边富德,山东鲁能泰山
3,4,0,5,0,4,0,10,3,10,0,0,16,6,18,14,2837,6,19,16,0,上海绿地申花,上海上港
1,3,0,0,1,1,0,8,1,2,0,0,11,4,9,7,2837,2,15,4,0,上海绿地申花,上海上港
2,1,0,5,2,3,0,2,2,8,0,0,5,2,9,7,2837,4,4,12,0,上海绿地申花,上海上港
6,9,0,2,0,0,0,13,6,8,0,0,18,1,17,26,2836,7,17,9,0,河北华夏幸福,辽宁沈阳开新
3,7,0,2,1,0,0,2,3,2,0,0,13,1,8,14,2836,3,9,8,0,河北华夏幸福,辽宁沈阳开新
3,2,0,0,2,0,0,11,3,6,0,0,5,0,9,12,2836,4,8,1,0,河北华夏幸福,辽宁沈阳开新
5,7,0,3,0,2,0,8,2,21,0,0,17,1,18,14,2838,4,24,18,0,重庆当代力帆,天津权健
2,3,0,1,1,0,0,5,1,10,0,0,9,1,10,9,2838,1,9,6,0,重庆当代力帆,天津权健
3,4,0,2,2,2,0,3,1,11,0,0,8,0,8,5,2838,3,15,12,0,重庆当代力帆,天津权健
3,13,0,1,0,2,0,15,10,16,0,0,12,2,15,22,2839,9,11,19,0,长春亚泰,天津亿利
1,4,0,0,1,0,0,6,8,8,0,0,9,1,8,11,2839,7,6,10,0,长春亚泰,天津亿利
2,9,0,1,2,2,0,9,2,8,0,0,3,1,7,11,2839,2,5,9,0,长春亚泰,天津亿利
4,5,0,1,0,2,0,11,7,18,0,0,27,1,17,16,2840,9,12,15,0,河南建业,贵州恒丰智诚
0,4,0,1,1,0,0,4,2,11,0,0,10,1,5,8,2840,6,9,5,0,河南建业,贵州恒丰智诚
4,1,0,0,2,2,0,7,5,7,0,0,17,0,12,8,2840,3,3,10,0,河南建业,贵州恒丰智诚
1,26,0,1,0,0,0,13,8,13,0,0,16,6,16,21,2846,16,23,17,0,广州恒大淘宝,重庆当代力帆
1,14,0,1,1,0,0,9,4,5,0,0,7,3,10,10,2846,8,11,11,0,广州恒大淘宝,重庆当代力帆
0,12,0,0,2,0,0,4,4,8,0,0,9,3,6,11,2846,8,12,6,0,广州恒大淘宝,重庆当代力帆
6,14,0,1,0,1,0,14,7,6,0,0,20,4,16,11,2841,9,15,23,0,广州富力,上海绿地申花
3,7,0,0,1,0,0,7,5,4,0,0,6,1,8,7,2841,7,6,9,0,广州富力,上海绿地申花
3,7,0,1,2,1,0,7,2,2,0,0,14,3,8,4,2841,2,9,14,0,广州富力,上海绿地申花
6,8,0,2,0,1,0,12,13,28,0,0,12,4,19,10,2842,15,15,15,0,辽宁沈阳开新,延边富德
5,8,0,0,1,0,0,6,7,9,0,0,5,2,10,6,2842,11,12,12,0,辽宁沈阳开新,延边富德
1,0,0,2,2,1,0,6,6,19,0,0,7,2,9,4,2842,4,3,3,0,辽宁沈阳开新,延边富德
4,9,0,4,0,3,0,9,11,13,0,0,3,4,15,15,2847,11,16,32,0,贵州恒丰智诚,江苏苏宁易购
0,3,0,1,1,2,0,4,5,4,0,0,1,1,7,7,2847,4,10,14,0,贵州恒丰智诚,江苏苏宁易购
4,6,0,3,2,1,0,5,6,9,0,0,2,3,8,8,2847,7,6,18,0,贵州恒丰智诚,江苏苏宁易购
3,13,0,2,0,3,0,13,9,24,0,0,12,4,17,16,2843,11,17,20,0,天津权健,天津亿利
1,7,0,1,1,3,0,7,5,9,0,0,6,1,8,7,2843,5,8,14,0,天津权健,天津亿利
2,6,0,1,2,0,0,6,4,15,0,0,6,3,9,9,2843,6,9,6,0,天津权健,天津亿利
1,14,0,2,0,1,0,10,17,20,0,0,15,2,16,24,2845,8,12,16,0,河北华夏幸福,长春亚泰
1,9,0,0,1,0,0,4,10,15,0,0,8,0,8,9,2845,3,7,6,0,河北华夏幸福,长春亚泰
0,5,0,2,2,1,0,6,7,5,0,0,7,2,8,15,2845,5,5,10,0,河北华夏幸福,长春亚泰
5,12,0,2,0,2,0,6,12,22,0,0,16,3,15,16,2848,11,18,13,0,上海上港,北京中赫国安
4,5,0,0,1,1,0,5,7,14,0,0,10,0,7,3,2848,5,9,7,0,上海上港,北京中赫国安
1,7,0,2,2,1,0,1,5,8,0,0,6,3,8,13,2848,6,9,6,0,上海上港,北京中赫国安
3,13,0,1,0,4,0,14,6,13,0,0,21,2,20,10,2844,12,13,15,0,山东鲁能泰山,河南建业
2,7,0,0,1,1,0,5,4,11,0,0,11,2,11,3,2844,6,4,4,0,山东鲁能泰山,河南建业
1,6,0,1,2,3,0,9,2,2,0,0,10,0,9,7,2844,6,9,11,0,山东鲁能泰山,河南建业
2,17,1,2,0,0,0,11,11,7,0,0,19,0,19,10,2849,15,13,33,0,天津亿利,上海绿地申花
2,9,0,1,1,0,0,5,6,4,0,0,13,0,5,3,2849,6,8,17,0,天津亿利,上海绿地申花
0,8,1,2,2,0,0,6,5,3,0,0,6,0,14,7,2849,9,5,16,0,天津亿利,上海绿地申花
9,15,0,4,0,1,0,6,8,7,0,0,18,4,17,21,2850,18,12,34,0,河南建业,广州富力
4,9,0,1,1,1,0,3,3,5,0,0,11,2,8,9,2850,12,4,12,0,河南建业,广州富力
5,6,0,3,2,0,0,3,5,2,0,0,7,2,9,12,2850,6,8,22,0,河南建业,广州富力
2,13,2,1,0,1,0,1,16,23,0,0,16,0,15,20,2851,14,23,12,0,重庆当代力帆,北京中赫国安
1,6,0,1,1,1,0,0,7,7,0,0,11,0,10,10,2851,6,10,8,0,重庆当代力帆,北京中赫国安
1,7,2,1,2,0,0,1,9,16,0,0,5,0,5,10,2851,8,13,4,0,重庆当代力帆,北京中赫国安
3,27,0,5,0,2,0,11,7,16,0,0,18,6,18,14,2852,16,26,9,0,延边富德,广州恒大淘宝
0,16,0,2,1,2,0,3,4,9,0,0,5,2,11,7,2852,9,9,1,0,延边富德,广州恒大淘宝
3,11,0,3,2,0,0,8,3,7,0,0,13,4,7,7,2852,7,17,8,0,延边富德,广州恒大淘宝
4,17,0,2,0,1,0,16,1,8,0,0,14,0,17,12,2853,7,17,35,0,山东鲁能泰山,天津权健
1,12,0,0,1,0,0,9,1,4,0,0,7,0,7,4,2853,3,7,8,0,山东鲁能泰山,天津权健
3,5,0,2,2,1,0,7,0,4,0,0,7,0,10,8,2853,4,10,27,0,山东鲁能泰山,天津权健
2,9,0,4,0,3,0,12,8,18,0,0,20,1,10,15,2854,16,13,18,0,江苏苏宁易购,河北华夏幸福
2,7,0,0,1,1,0,4,5,12,0,0,13,0,4,4,2854,13,8,10,0,江苏苏宁易购,河北华夏幸福
0,2,0,4,2,2,0,8,3,6,0,0,7,1,6,11,2854,3,5,8,0,江苏苏宁易购,河北华夏幸福
2,10,1,2,0,0,0,6,13,18,0,0,22,2,10,19,2855,7,12,16,0,上海上港,辽宁沈阳开新
1,6,0,3,1,0,0,2,7,5,0,0,18,1,4,8,2855,4,6,12,0,上海上港,辽宁沈阳开新
1,4,1,0,2,0,0,4,6,13,0,0,4,1,6,11,2855,3,6,4,0,上海上港,辽宁沈阳开新
6,15,2,3,0,3,0,11,5,5,0,0,11,0,15,18,2856,12,26,21,0,长春亚泰,贵州恒丰智诚
4,7,1,3,1,1,0,5,2,1,0,0,6,0,10,11,2856,7,12,10,0,长春亚泰,贵州恒丰智诚
2,8,1,0,2,2,0,6,3,4,0,0,5,0,5,7,2856,5,14,11,0,长春亚泰,贵州恒丰智诚
5,8,0,3,0,1,0,12,6,10,0,0,15,1,8,18,2857,6,18,30,0,贵州恒丰智诚,广州恒大淘宝
3,1,0,0,1,1,0,4,4,7,0,0,6,0,5,7,2857,4,8,11,0,贵州恒丰智诚,广州恒大淘宝
2,7,0,3,2,0,0,8,2,3,0,0,9,1,3,11,2857,2,10,19,0,贵州恒丰智诚,广州恒大淘宝
2,7,0,4,0,1,0,11,2,15,0,0,16,4,14,14,2858,9,18,12,0,河北华夏幸福,天津权健
2,6,0,0,1,1,0,6,1,3,0,0,9,1,5,5,2858,3,9,8,0,河北华夏幸福,天津权健
0,1,0,4,2,0,0,5,1,12,0,0,7,3,9,9,2858,6,9,4,0,河北华夏幸福,天津权健
0,11,0,2,0,1,0,13,8,10,0,0,22,3,9,16,2859,10,25,21,0,上海绿地申花,重庆当代力帆
0,4,0,1,1,1,0,8,5,6,0,0,9,3,7,9,2859,6,12,9,0,上海绿地申花,重庆当代力帆
0,7,0,1,2,0,0,5,3,4,0,0,13,0,2,7,2859,4,13,12,0,上海绿地申花,重庆当代力帆
3,4,0,1,0,1,0,9,8,24,0,0,18,1,9,14,2860,12,22,19,0,河南建业,延边富德
1,1,0,1,1,0,0,6,6,17,0,0,8,1,1,6,2860,3,12,11,0,河南建业,延边富德
2,3,0,0,2,1,0,3,2,7,0,0,10,0,8,8,2860,9,10,8,0,河南建业,延边富德
2,11,0,1,0,2,0,8,13,21,0,0,19,5,9,15,2861,6,20,9,0,辽宁沈阳开新,山东鲁能泰山
2,3,0,1,1,1,0,3,5,10,0,0,10,4,6,5,2861,5,8,4,0,辽宁沈阳开新,山东鲁能泰山
0,8,0,0,2,1,0,5,8,11,0,0,9,1,3,10,2861,1,12,5,0,辽宁沈阳开新,山东鲁能泰山
8,10,0,4,0,5,0,10,13,18,0,0,18,4,18,22,2862,8,20,14,0,江苏苏宁易购,长春亚泰
3,3,0,0,1,2,0,7,8,7,0,0,9,1,11,11,2862,2,11,7,0,江苏苏宁易购,长春亚泰
5,7,0,4,2,3,0,3,5,11,0,0,9,3,7,11,2862,6,9,7,0,江苏苏宁易购,长春亚泰
0,12,1,2,0,1,0,7,8,6,0,0,12,3,15,11,2863,18,21,13,0,北京中赫国安,天津亿利
0,7,1,2,1,1,0,4,1,5,0,0,5,2,5,4,2863,10,10,10,0,北京中赫国安,天津亿利
0,5,0,0,2,0,0,3,7,1,0,0,7,1,10,7,2863,8,11,3,0,北京中赫国安,天津亿利
1,12,1,1,0,5,0,13,12,8,0,1,12,1,15,18,2864,8,23,17,0,广州富力,上海上港
1,8,1,1,1,3,0,7,5,4,0,1,6,1,6,8,2864,4,10,6,0,广州富力,上海上港
0,4,0,0,2,2,0,6,7,4,0,0,6,0,9,10,2864,4,13,11,0,广州富力,上海上港
6,9,0,1,0,2,0,8,14,11,0,0,11,6,10,13,2865,8,16,20,0,延边富德,上海绿地申花
1,5,0,1,1,2,0,3,7,9,0,0,9,6,6,6,2865,5,8,5,0,延边富德,上海绿地申花
5,4,0,0,2,0,0,5,7,2,0,0,2,0,4,7,2865,3,8,15,0,延边富德,上海绿地申花
3,13,0,1,0,1,0,7,9,16,0,0,17,3,18,17,2866,13,22,25,0,辽宁沈阳开新,天津权健
1,3,0,1,1,0,0,2,3,8,0,0,10,1,6,11,2866,10,6,5,0,辽宁沈阳开新,天津权健
2,10,0,0,2,1,0,5,6,8,0,0,7,2,12,6,2866,3,16,20,0,辽宁沈阳开新,天津权健
1,13,0,2,0,1,0,10,8,18,0,0,18,2,15,22,2867,8,22,22,0,重庆当代力帆,长春亚泰
1,7,0,0,1,0,0,6,6,9,0,0,9,2,7,11,2867,5,12,9,0,重庆当代力帆,长春亚泰
0,6,0,2,2,1,0,4,2,9,0,0,9,0,8,11,2867,3,10,13,0,重庆当代力帆,长春亚泰
2,7,0,0,0,1,0,11,7,12,0,0,16,2,11,15,2869,10,27,24,0,山东鲁能泰山,贵州恒丰智诚
0,4,0,0,1,0,0,6,3,6,0,0,6,1,3,6,2869,6,17,10,0,山东鲁能泰山,贵州恒丰智诚
2,3,0,0,2,1,0,5,4,6,0,0,10,1,8,9,2869,4,10,14,0,山东鲁能泰山,贵州恒丰智诚
2,9,0,3,0,2,0,10,6,14,0,0,16,3,17,21,2871,13,16,20,0,天津亿利,广州富力
1,6,0,1,1,1,0,4,4,4,0,0,6,3,9,8,2871,6,10,12,0,天津亿利,广州富力
1,3,0,2,2,1,0,6,2,10,0,0,10,0,8,13,2871,7,6,8,0,天津亿利,广州富力
1,13,1,2,0,3,0,4,5,30,0,0,17,7,17,16,2868,22,26,10,0,广州恒大淘宝,河北华夏幸福
0,8,0,0,1,1,0,3,1,17,0,0,6,3,11,7,2868,9,13,3,0,广州恒大淘宝,河北华夏幸福
1,5,1,2,2,2,0,1,4,13,0,0,11,4,6,9,2868,13,13,7,0,广州恒大淘宝,河北华夏幸福
6,15,0,2,0,1,0,11,16,26,0,0,21,3,12,6,2870,6,15,12,0,上海上港,河南建业
1,8,0,2,1,1,0,7,4,9,0,0,12,1,5,5,2870,3,8,8,0,上海上港,河南建业
5,7,0,0,2,0,0,4,12,17,0,0,9,2,7,1,2870,3,7,4,0,上海上港,河南建业
3,8,0,5,0,2,0,10,7,14,0,1,11,2,13,20,2872,12,18,25,0,北京中赫国安,江苏苏宁易购
2,3,0,2,1,1,0,6,4,7,0,0,8,1,4,9,2872,5,7,11,0,北京中赫国安,江苏苏宁易购
1,5,0,3,2,1,0,4,3,7,0,1,3,1,9,11,2872,7,11,14,0,北京中赫国安,江苏苏宁易购
3,5,0,0,0,0,0,7,5,15,0,0,11,2,6,6,2873,11,15,13,0,上海绿地申花,辽宁沈阳开新
1,1,0,0,1,0,0,3,2,9,0,0,6,0,3,4,2873,5,13,4,0,上海绿地申花,辽宁沈阳开新
2,4,0,0,2,0,0,4,3,6,0,0,5,2,3,2,2873,6,2,9,0,上海绿地申花,辽宁沈阳开新
2,11,0,1,0,3,0,7,16,30,0,0,20,3,12,13,2874,11,19,15,0,长春亚泰,北京中赫国安
1,5,0,0,1,1,0,3,9,12,0,0,11,1,9,6,2874,5,14,9,0,长春亚泰,北京中赫国安
1,6,0,1,2,2,0,4,7,18,0,0,9,2,3,7,2874,6,5,6,0,长春亚泰,北京中赫国安
1,13,0,3,0,1,0,8,6,8,0,0,22,3,7,14,2875,9,18,25,0,广州富力,重庆当代力帆
1,4,0,1,1,0,0,4,5,5,0,0,9,1,2,7,2875,7,11,16,0,广州富力,重庆当代力帆
0,9,0,2,2,1,0,4,1,3,0,0,13,2,5,7,2875,2,7,9,0,广州富力,重庆当代力帆
3,18,0,3,0,0,0,10,5,9,0,0,21,1,12,24,2876,8,19,45,0,江苏苏宁易购,上海上港
3,9,0,2,1,0,0,4,1,4,0,0,9,0,7,12,2876,5,10,15,0,江苏苏宁易购,上海上港
0,9,0,1,2,0,0,6,4,5,0,0,12,1,5,12,2876,3,9,30,0,江苏苏宁易购,上海上港
0,13,0,2,0,2,0,8,22,12,0,0,26,2,9,13,2877,13,14,9,0,河北华夏幸福,山东鲁能泰山
0,7,0,0,1,1,0,4,12,7,0,0,14,0,3,7,2877,5,7,3,0,河北华夏幸福,山东鲁能泰山
0,6,0,2,2,1,0,4,10,5,0,0,12,2,6,6,2877,8,7,6,0,河北华夏幸福,山东鲁能泰山
0,9,0,6,0,2,0,8,13,23,0,0,20,4,11,20,2878,7,19,18,0,河南建业,天津亿利
0,4,0,1,1,0,0,4,6,14,0,0,4,3,6,5,2878,3,11,4,0,河南建业,天津亿利
0,5,0,5,2,2,0,4,7,9,0,0,16,1,5,15,2878,4,8,14,0,河南建业,天津亿利
1,21,0,2,0,2,0,4,13,22,0,0,20,6,12,20,2879,20,15,15,0,天津权健,广州恒大淘宝
1,13,0,0,1,0,0,3,6,8,0,0,10,2,6,6,2879,11,8,12,0,天津权健,广州恒大淘宝
0,8,0,2,2,2,0,1,7,14,0,0,10,4,6,14,2879,9,7,3,0,天津权健,广州恒大淘宝
9,10,0,3,0,2,0,10,5,6,0,0,13,4,10,13,2880,14,17,41,0,贵州恒丰智诚,延边富德
2,5,0,1,1,0,0,3,2,4,0,0,6,3,5,8,2880,5,8,19,0,贵州恒丰智诚,延边富德
7,5,0,2,2,2,0,7,3,2,0,0,7,1,5,5,2880,9,9,22,0,贵州恒丰智诚,延边富德
4,6,0,3,0,3,0,12,11,17,0,0,13,1,18,12,2881,8,18,22,0,天津权健,广州富力
3,4,0,2,1,1,0,4,5,8,0,0,5,1,6,6,2881,3,8,10,0,天津权健,广州富力
1,2,0,1,2,2,0,8,6,9,0,0,8,0,12,6,2881,5,10,12,0,天津权健,广州富力
7,14,0,3,0,2,0,7,7,9,0,0,15,1,15,17,2882,10,15,32,0,延边富德,重庆当代力帆
3,9,0,0,1,0,0,6,5,7,0,0,5,0,9,8,2882,6,6,11,0,延边富德,重庆当代力帆
4,5,0,3,2,2,0,1,2,2,0,0,10,1,6,9,2882,4,9,21,0,延边富德,重庆当代力帆
2,10,0,0,0,3,0,11,9,25,0,0,15,3,21,18,2883,19,21,12,0,北京中赫国安,广州恒大淘宝
2,3,0,0,1,1,0,6,5,12,0,0,7,0,10,8,2883,9,9,10,0,北京中赫国安,广州恒大淘宝
0,7,0,0,2,2,0,5,4,13,0,0,8,3,11,10,2883,10,12,2,0,北京中赫国安,广州恒大淘宝
3,9,0,2,0,2,0,11,9,19,0,0,11,0,22,23,2884,12,14,16,0,江苏苏宁易购,上海绿地申花
0,3,0,1,1,0,0,5,2,11,0,0,8,0,15,8,2884,7,8,10,0,江苏苏宁易购,上海绿地申花
3,6,0,1,2,2,0,6,7,8,0,0,3,0,7,15,2884,5,6,6,0,江苏苏宁易购,上海绿地申花
7,8,0,3,0,0,0,7,5,12,0,0,14,4,10,12,2885,9,10,20,0,河北华夏幸福,河南建业
2,5,0,0,1,0,0,7,4,8,0,0,8,4,6,5,2885,6,8,10,0,河北华夏幸福,河南建业
5,3,0,3,2,0,0,0,1,4,0,0,6,0,4,7,2885,3,2,10,0,河北华夏幸福,河南建业
2,10,0,2,0,3,0,3,5,14,0,0,16,4,25,15,2886,16,11,16,0,辽宁沈阳开新,贵州恒丰智诚
2,6,0,0,1,2,0,3,3,9,0,0,10,3,10,7,2886,9,6,5,0,辽宁沈阳开新,贵州恒丰智诚
0,4,0,2,2,1,0,0,2,5,0,0,6,1,15,8,2886,7,5,11,0,辽宁沈阳开新,贵州恒丰智诚
4,9,0,2,0,0,0,12,9,15,0,0,22,3,13,17,2887,10,17,14,0,长春亚泰,上海上港
4,7,0,1,1,0,0,5,2,5,0,0,9,2,7,9,2887,5,7,11,0,长春亚泰,上海上港
0,2,0,1,2,0,0,7,7,10,0,0,13,1,6,8,2887,5,10,3,0,长春亚泰,上海上港
1,7,0,2,0,1,0,15,10,13,0,0,15,2,17,28,2888,7,19,16,0,天津亿利,山东鲁能泰山
0,4,0,0,1,1,0,9,2,1,0,0,9,0,7,15,2888,3,13,7,0,天津亿利,山东鲁能泰山
1,3,0,2,2,0,0,6,8,12,0,0,6,2,10,13,2888,4,6,9,0,天津亿利,山东鲁能泰山
4,11,0,2,0,2,0,6,8,18,0,0,14,4,14,20,2889,9,13,8,0,天津亿利,江苏苏宁易购
3,6,0,1,1,1,0,4,5,6,0,0,7,2,9,9,2889,4,4,5,0,天津亿利,江苏苏宁易购
1,5,0,1,2,1,0,2,3,12,0,0,7,2,5,11,2889,5,9,3,0,天津亿利,江苏苏宁易购
1,11,0,1,0,1,0,7,9,13,0,0,14,4,10,16,2890,16,23,26,0,延边富德,上海上港
1,6,0,0,1,1,0,3,5,4,0,0,8,0,4,10,2890,8,9,12,0,延边富德,上海上港
0,5,0,1,2,0,0,4,4,9,0,0,6,4,6,6,2890,8,14,14,0,延边富德,上海上港
2,13,0,2,0,1,0,6,5,17,0,0,19,2,9,15,2891,20,20,21,0,广州恒大淘宝,山东鲁能泰山
0,7,0,1,1,1,0,6,1,10,0,0,7,2,7,7,2891,11,5,10,0,广州恒大淘宝,山东鲁能泰山
2,6,0,1,2,0,0,0,4,7,0,0,12,0,2,8,2891,9,15,11,0,广州恒大淘宝,山东鲁能泰山
6,12,0,0,0,1,0,10,6,9,0,0,18,0,13,15,2892,9,17,38,0,河北华夏幸福,重庆当代力帆
4,7,0,0,1,0,0,4,4,8,0,0,5,0,6,8,2892,6,10,8,0,河北华夏幸福,重庆当代力帆
2,5,0,0,2,1,0,6,2,1,0,0,13,0,7,7,2892,3,7,30,0,河北华夏幸福,重庆当代力帆
1,8,0,2,0,3,0,7,6,22,0,0,12,0,13,17,2893,8,15,11,0,辽宁沈阳开新,河南建业
1,1,0,1,1,2,0,4,2,16,0,0,7,0,8,7,2893,6,8,3,0,辽宁沈阳开新,河南建业
0,7,0,1,2,1,0,3,4,6,0,0,5,0,5,10,2893,2,7,8,0,辽宁沈阳开新,河南建业
3,15,0,2,0,2,0,13,15,9,0,0,17,3,15,25,2894,9,19,30,0,北京中赫国安,贵州恒丰智诚
2,12,0,1,1,2,0,7,4,0,0,0,8,0,9,16,2894,3,9,14,0,北京中赫国安,贵州恒丰智诚
1,3,0,1,2,0,0,6,11,9,0,0,9,3,6,9,2894,6,10,16,0,北京中赫国安,贵州恒丰智诚
3,11,0,3,0,2,0,11,9,12,0,0,17,2,17,17,2895,13,14,20,0,长春亚泰,广州富力
1,8,0,1,1,0,0,3,4,9,0,0,11,1,8,8,2895,5,6,9,0,长春亚泰,广州富力
2,3,0,2,2,2,0,8,5,3,0,0,6,1,9,9,2895,8,8,11,0,长春亚泰,广州富力
2,14,0,2,0,1,0,5,10,13,0,0,12,2,9,15,2896,14,20,21,0,天津权健,上海绿地申花
2,8,0,0,1,0,0,2,8,7,0,0,6,1,2,7,2896,7,10,13,0,天津权健,上海绿地申花
0,6,0,2,2,1,0,3,2,6,0,0,6,1,7,8,2896,7,10,8,0,天津权健,上海绿地申花
1,8,0,0,0,2,0,6,9,21,0,0,8,2,25,12,2897,8,15,12,0,贵州恒丰智诚,河北华夏幸福
0,5,0,0,1,0,0,4,3,8,0,0,6,0,9,8,2897,3,10,8,0,贵州恒丰智诚,河北华夏幸福
1,3,0,0,2,2,0,2,6,13,0,0,2,2,16,4,2897,5,5,4,0,贵州恒丰智诚,河北华夏幸福
4,11,0,2,0,3,0,6,10,27,0,0,17,0,22,12,2898,22,22,13,0,山东鲁能泰山,长春亚泰
2,6,0,1,1,2,0,4,7,10,0,0,11,0,9,6,2898,10,10,11,0,山东鲁能泰山,长春亚泰
2,5,0,1,2,1,0,2,3,17,0,0,6,0,13,6,2898,12,12,2,0,山东鲁能泰山,长春亚泰
4,10,0,2,0,1,0,6,10,24,0,0,22,1,14,11,2899,11,22,17,0,江苏苏宁易购,辽宁沈阳开新
2,7,0,1,1,1,0,3,6,12,0,0,9,0,8,4,2899,4,14,13,0,江苏苏宁易购,辽宁沈阳开新
2,3,0,1,2,0,0,3,4,12,0,0,13,1,6,7,2899,7,8,4,0,江苏苏宁易购,辽宁沈阳开新
2,10,0,2,0,2,0,11,8,19,0,0,16,3,13,14,2900,9,8,16,0,上海上港,广州恒大淘宝
1,5,0,0,1,1,0,7,3,11,0,0,12,2,9,3,2900,5,7,10,0,上海上港,广州恒大淘宝
1,5,0,2,2,1,0,4,5,8,0,0,4,1,4,11,2900,4,1,6,0,上海上港,广州恒大淘宝
0,8,0,1,0,0,0,5,14,31,0,0,11,5,16,10,2901,6,11,8,0,重庆当代力帆,天津亿利
0,2,0,0,1,0,0,2,5,14,0,0,6,4,6,5,2901,4,6,3,0,重庆当代力帆,天津亿利
0,6,0,1,2,0,0,3,9,17,0,0,5,1,10,5,2901,2,5,5,0,重庆当代力帆,天津亿利
7,6,1,2,0,0,0,10,11,7,0,0,9,3,11,14,2902,6,8,29,0,河南建业,天津权健
2,1,0,2,1,0,0,6,2,5,0,0,7,2,5,6,2902,1,5,18,0,河南建业,天津权健
5,5,1,0,2,0,0,4,9,2,0,0,2,1,6,8,2902,5,3,11,0,河南建业,天津权健
3,6,0,0,0,1,0,10,11,11,0,0,13,3,12,10,2903,9,11,14,0,广州富力,延边富德
1,4,0,0,1,0,0,6,5,1,0,0,8,1,5,5,2903,4,5,6,0,广州富力,延边富德
2,2,0,0,2,1,0,4,6,10,0,0,5,2,7,5,2903,5,6,8,0,广州富力,延边富德
4,8,0,5,0,2,0,6,3,14,0,0,18,4,18,22,2904,2,24,14,0,上海绿地申花,北京中赫国安
2,3,0,2,1,0,0,3,2,8,0,0,10,3,9,9,2904,0,12,3,0,上海绿地申花,北京中赫国安
2,5,0,3,2,2,0,3,1,6,0,0,8,1,9,13,2904,2,12,11,0,上海绿地申花,北京中赫国安
4,13,0,2,0,0,0,11,12,28,0,0,21,3,15,15,2906,7,19,22,0,河南建业,北京中赫国安
3,7,0,0,1,0,0,5,5,19,0,0,11,2,6,8,2906,5,11,15,0,河南建业,北京中赫国安
1,6,0,2,2,0,0,6,7,9,0,0,10,1,9,7,2906,2,8,7,0,河南建业,北京中赫国安
5,13,1,2,0,1,0,9,8,18,0,0,26,3,10,18,2907,5,17,23,0,延边富德,天津权健
1,6,0,1,1,1,0,4,4,11,0,0,10,2,4,8,2907,4,7,11,0,延边富德,天津权健
4,7,1,1,2,0,0,5,4,7,0,0,16,1,6,10,2907,1,10,12,0,延边富德,天津权健
9,6,0,4,0,1,0,12,5,7,0,0,9,2,11,16,2908,10,12,32,0,重庆当代力帆,江苏苏宁易购
7,3,0,1,1,1,0,3,2,5,0,0,6,2,5,9,2908,4,7,10,0,重庆当代力帆,江苏苏宁易购
2,3,0,3,2,0,0,9,3,2,0,0,3,0,6,7,2908,6,5,22,0,重庆当代力帆,江苏苏宁易购
1,5,0,3,0,3,0,13,8,15,0,0,16,5,17,19,2909,10,11,5,0,广州富力,广州恒大淘宝
0,4,0,3,1,2,0,7,5,4,0,0,9,2,7,11,2909,6,5,2,0,广州富力,广州恒大淘宝
1,1,0,0,2,1,0,6,3,11,0,0,7,3,10,8,2909,4,6,3,0,广州富力,广州恒大淘宝
1,9,0,3,0,2,0,8,8,23,0,0,11,4,12,18,2910,13,15,31,0,上海绿地申花,河北华夏幸福
0,6,0,2,1,1,0,4,4,11,0,0,7,1,8,8,2910,8,9,17,0,上海绿地申花,河北华夏幸福
1,3,0,1,2,1,0,4,4,12,0,0,4,3,4,10,2910,5,6,14,0,上海绿地申花,河北华夏幸福
3,12,0,0,0,1,0,10,11,26,0,0,19,4,18,20,2911,4,19,14,0,辽宁沈阳开新,长春亚泰
2,10,0,0,1,0,0,7,3,7,0,0,14,1,10,12,2911,3,8,6,0,辽宁沈阳开新,长春亚泰
1,2,0,0,2,1,0,3,8,19,0,0,5,3,8,8,2911,1,11,8,0,辽宁沈阳开新,长春亚泰
6,8,0,4,0,2,0,14,6,14,0,0,14,2,21,15,2912,13,17,24,0,山东鲁能泰山,上海上港
1,6,0,1,1,1,0,7,2,7,0,0,7,0,13,4,2912,10,12,9,0,山东鲁能泰山,上海上港
5,2,0,3,2,1,0,7,4,7,0,0,7,2,8,11,2912,3,5,15,0,山东鲁能泰山,上海上港
4,7,0,2,0,3,0,9,10,9,0,0,25,0,22,24,2905,9,18,17,0,天津亿利,贵州恒丰智诚
1,5,0,0,1,0,0,5,6,3,0,0,13,0,10,14,2905,5,12,10,0,天津亿利,贵州恒丰智诚
3,2,0,2,2,3,0,4,4,6,0,0,12,0,12,10,2905,4,6,7,0,天津亿利,贵州恒丰智诚
5,12,0,1,0,0,0,10,7,23,0,0,9,4,13,18,2913,12,17,22,0,上海绿地申花,长春亚泰
1,4,0,1,1,0,0,6,5,13,0,0,6,2,7,9,2913,3,6,5,0,上海绿地申花,长春亚泰
4,8,0,0,2,0,0,4,2,10,0,0,3,2,6,9,2913,9,11,17,0,上海绿地申花,长春亚泰
1,3,0,1,0,3,0,13,4,13,0,0,22,2,19,10,2914,5,18,30,0,广州恒大淘宝,天津亿利
1,3,0,0,1,2,0,9,1,4,0,0,5,0,10,5,2914,3,9,20,0,广州恒大淘宝,天津亿利
0,0,0,1,2,1,0,4,3,9,0,0,17,2,9,5,2914,2,9,10,0,广州恒大淘宝,天津亿利
1,11,0,1,0,3,0,8,8,18,0,0,17,5,14,14,2915,10,16,13,0,贵州恒丰智诚,重庆当代力帆
1,7,0,1,1,1,0,5,5,6,0,0,6,1,11,5,2915,8,4,7,0,贵州恒丰智诚,重庆当代力帆
0,4,0,0,2,2,0,3,3,12,0,0,11,4,3,9,2915,2,12,6,0,贵州恒丰智诚,重庆当代力帆
1,15,0,3,0,2,0,3,9,3,0,0,16,2,13,16,2916,11,30,29,0,江苏苏宁易购,河南建业
0,6,0,2,1,0,0,2,6,1,0,0,8,0,7,8,2916,6,19,15,0,江苏苏宁易购,河南建业
1,9,0,1,2,2,0,1,3,2,0,0,8,2,6,8,2916,5,11,14,0,江苏苏宁易购,河南建业
2,11,0,1,0,1,0,6,9,9,0,0,19,4,17,10,2917,16,14,6,0,河北华夏幸福,延边富德
1,5,0,0,1,0,0,1,5,4,0,0,10,3,11,6,2917,4,5,3,0,河北华夏幸福,延边富德
1,6,0,1,2,1,0,5,4,5,0,0,9,1,6,4,2917,12,9,3,0,河北华夏幸福,延边富德
6,15,0,4,0,1,0,5,10,12,0,0,27,2,11,22,2918,13,11,28,0,北京中赫国安,山东鲁能泰山
3,9,0,1,1,0,0,4,5,7,0,0,16,1,5,8,2918,8,5,16,0,北京中赫国安,山东鲁能泰山
3,6,0,3,2,1,0,1,5,5,0,0,11,1,6,14,2918,5,6,12,0,北京中赫国安,山东鲁能泰山
3,12,0,1,0,3,0,10,4,13,0,0,14,1,23,19,2919,8,9,11,0,上海上港,天津权健
2,8,0,0,1,0,0,5,2,4,0,0,10,0,13,11,2919,1,4,7,0,上海上港,天津权健
1,4,0,1,2,3,0,5,2,9,0,0,4,1,10,8,2919,7,5,4,0,上海上港,天津权健
3,10,0,1,0,0,0,6,4,12,0,0,13,3,13,17,2920,4,11,10,0,广州富力,辽宁沈阳开新
2,5,0,0,1,0,0,2,1,6,0,0,6,2,6,8,2920,1,5,6,0,广州富力,辽宁沈阳开新
1,5,0,1,2,0,0,4,3,6,0,0,7,1,7,9,2920,3,6,4,0,广州富力,辽宁沈阳开新
2,18,0,2,0,2,0,11,10,27,0,0,22,3,15,17,2922,13,23,18,0,延边富德,天津亿利
0,10,0,0,1,1,0,6,3,9,0,0,10,0,7,10,2922,7,10,10,0,延边富德,天津亿利
2,8,0,2,2,1,0,5,7,18,0,0,12,3,8,7,2922,6,13,8,0,延边富德,天津亿利
3,8,0,4,0,2,0,8,2,10,0,0,11,1,16,12,2921,8,18,7,0,广州富力,江苏苏宁易购
0,8,0,2,1,0,0,4,0,6,0,0,6,1,5,7,2921,5,7,2,0,广州富力,江苏苏宁易购
3,0,0,2,2,2,0,4,2,4,0,0,5,0,11,5,2921,3,11,5,0,广州富力,江苏苏宁易购
1,13,0,2,0,0,0,11,12,19,0,0,18,4,19,20,2923,14,17,20,0,河南建业,长春亚泰
0,8,0,0,1,0,0,3,4,9,0,0,10,1,8,10,2923,4,6,7,0,河南建业,长春亚泰
1,5,0,2,2,0,0,8,8,10,0,0,8,3,11,10,2923,10,11,13,0,河南建业,长春亚泰
2,11,0,3,0,3,0,9,11,32,0,0,24,1,7,20,2924,9,14,12,0,重庆当代力帆,山东鲁能泰山
2,9,0,0,1,1,0,7,5,7,0,0,12,1,2,11,2924,5,10,9,0,重庆当代力帆,山东鲁能泰山
0,2,0,3,2,2,0,2,6,25,0,0,12,0,5,9,2924,4,4,3,0,重庆当代力帆,山东鲁能泰山
2,11,0,3,0,3,0,10,8,18,0,1,13,5,14,17,2925,9,17,12,0,上海绿地申花,贵州恒丰智诚
2,4,0,1,1,2,0,4,4,9,0,0,4,2,7,10,2925,6,9,8,0,上海绿地申花,贵州恒丰智诚
0,7,0,2,2,1,0,6,4,9,0,1,9,3,7,7,2925,3,8,4,0,上海绿地申花,贵州恒丰智诚
5,10,0,1,0,1,0,7,9,23,0,0,9,2,13,15,2926,16,15,17,0,辽宁沈阳开新,广州恒大淘宝
2,5,0,0,1,1,0,1,7,16,0,0,3,1,7,9,2926,8,9,4,0,辽宁沈阳开新,广州恒大淘宝
3,5,0,1,2,0,0,6,2,7,0,0,6,1,6,6,2926,8,6,13,0,辽宁沈阳开新,广州恒大淘宝
5,10,0,2,0,4,0,10,11,17,0,0,15,2,13,22,2927,5,18,18,0,天津权健,北京中赫国安
0,7,0,0,1,0,0,4,6,12,0,0,3,0,8,8,2927,2,10,5,0,天津权健,北京中赫国安
5,3,0,2,2,4,0,6,5,5,0,0,12,2,5,14,2927,3,8,13,0,天津权健,北京中赫国安
2,11,0,3,0,2,0,9,12,15,0,0,20,0,17,16,2928,7,16,18,0,河北华夏幸福,上海上港
2,4,0,0,1,1,0,6,5,7,0,0,10,0,10,6,2928,3,8,13,0,河北华夏幸福,上海上港
0,7,0,3,2,1,0,3,7,8,0,0,10,0,7,10,2928,4,8,5,0,河北华夏幸福,上海上港
13,16,1,2,0,0,0,6,5,5,0,0,19,2,20,8,2930,18,16,14,0,山东鲁能泰山,上海绿地申花
11,8,0,2,1,0,0,4,2,1,0,0,9,0,6,4,2930,8,7,10,0,山东鲁能泰山,上海绿地申花
2,8,1,1,2,0,0,2,3,4,0,0,10,2,14,4,2930,10,9,4,0,山东鲁能泰山,上海绿地申花
4,8,1,2,0,1,0,3,7,19,0,0,14,2,15,12,2929,7,13,17,0,贵州恒丰智诚,广州富力
1,5,1,1,1,0,0,1,5,8,0,0,7,2,8,8,2929,5,6,12,0,贵州恒丰智诚,广州富力
3,3,0,1,2,1,0,2,2,11,0,0,7,0,7,4,2929,2,7,5,0,贵州恒丰智诚,广州富力
8,6,0,3,0,1,0,7,2,8,0,1,14,2,9,15,2935,8,13,26,0,长春亚泰,延边富德
5,2,0,1,1,1,0,6,0,2,0,1,7,2,5,5,2935,2,3,17,0,长春亚泰,延边富德
3,4,0,2,2,0,0,1,2,6,0,0,7,0,4,10,2935,6,10,9,0,长春亚泰,延边富德
3,13,0,0,0,2,0,11,8,17,0,0,18,2,12,15,2932,8,25,20,0,上海上港,重庆当代力帆
2,6,0,0,1,2,0,7,4,9,0,0,11,0,6,8,2932,4,10,7,0,上海上港,重庆当代力帆
1,7,0,0,2,0,0,4,4,8,0,0,7,2,6,7,2932,4,15,13,0,上海上港,重庆当代力帆
4,14,0,1,0,1,0,7,14,8,0,0,27,1,13,10,2934,9,15,26,0,北京中赫国安,辽宁沈阳开新
3,7,0,0,1,0,0,6,6,2,0,0,15,1,5,5,2934,6,7,11,0,北京中赫国安,辽宁沈阳开新
1,7,0,1,2,1,0,1,8,6,0,0,12,0,8,5,2934,3,8,15,0,北京中赫国安,辽宁沈阳开新
8,14,0,1,0,2,0,7,9,9,0,0,11,4,11,16,2936,10,24,19,0,广州恒大淘宝,河南建业
4,8,0,1,1,1,0,4,6,4,0,0,4,2,5,10,2936,6,10,9,0,广州恒大淘宝,河南建业
4,6,0,0,2,1,0,3,3,5,0,0,7,2,6,6,2936,4,14,10,0,广州恒大淘宝,河南建业
5,16,0,1,0,1,0,11,9,13,0,0,10,2,19,16,2933,13,19,24,0,天津亿利,河北华夏幸福
0,8,0,0,1,0,0,5,7,5,0,0,5,0,9,9,2933,5,14,12,0,天津亿利,河北华夏幸福
5,8,0,1,2,1,0,6,2,8,0,0,5,2,10,7,2933,8,5,12,0,天津亿利,河北华夏幸福
4,8,1,2,0,2,0,10,10,13,0,0,17,0,21,20,2931,13,16,17,0,江苏苏宁易购,天津权健
2,6,0,0,1,0,0,8,4,5,0,0,8,0,9,10,2931,10,5,10,0,江苏苏宁易购,天津权健
2,2,1,2,2,2,0,2,6,8,0,0,9,0,12,10,2931,3,11,7,0,江苏苏宁易购,天津权健
1,14,0,2,0,1,0,12,5,11,0,0,26,4,19,18,2940,11,23,31,0,延边富德,江苏苏宁易购
0,7,0,0,1,0,0,8,3,6,0,0,12,2,12,6,2940,9,10,15,0,延边富德,江苏苏宁易购
1,7,0,2,2,1,0,4,2,5,0,0,14,2,7,12,2940,2,13,16,0,延边富德,江苏苏宁易购
6,7,0,0,0,1,0,13,6,17,0,0,16,2,15,12,2944,8,20,18,0,贵州恒丰智诚,上海上港
3,4,0,0,1,0,0,6,3,5,0,0,10,1,7,8,2944,5,9,12,0,贵州恒丰智诚,上海上港
3,3,0,0,2,1,0,7,3,12,0,0,6,1,8,4,2944,3,11,6,0,贵州恒丰智诚,上海上港
4,10,0,0,0,4,0,7,12,20,0,0,19,2,28,10,2937,7,19,9,0,河北华夏幸福,北京中赫国安
3,4,0,0,1,2,0,5,2,8,0,0,7,1,11,4,2937,4,8,7,0,河北华夏幸福,北京中赫国安
1,6,0,0,2,2,0,2,10,12,0,0,12,1,17,6,2937,3,11,2,0,河北华夏幸福,北京中赫国安
3,16,0,5,0,0,0,6,9,9,0,0,26,1,12,26,2938,14,17,16,0,上海绿地申花,广州恒大淘宝
1,5,0,2,1,0,0,4,6,7,0,0,11,1,5,15,2938,7,10,6,0,上海绿地申花,广州恒大淘宝
2,11,0,3,2,0,0,2,3,2,0,0,15,0,7,11,2938,7,7,10,0,上海绿地申花,广州恒大淘宝
3,9,0,0,0,2,0,14,4,16,0,0,15,2,22,15,2939,5,16,31,0,辽宁沈阳开新,天津亿利
2,5,0,0,1,1,0,7,3,11,0,0,8,2,12,11,2939,3,10,13,0,辽宁沈阳开新,天津亿利
1,4,0,0,2,1,0,7,1,5,0,0,7,0,10,4,2939,2,6,18,0,辽宁沈阳开新,天津亿利
2,11,1,5,0,3,0,9,11,18,0,0,21,1,25,19,2942,10,12,17,0,长春亚泰,天津权健
2,6,0,3,1,1,0,3,4,11,0,0,10,1,12,9,2942,4,6,10,0,长春亚泰,天津权健
0,5,1,2,2,2,0,6,7,7,0,0,11,0,13,10,2942,6,6,7,0,长春亚泰,天津权健
2,10,0,2,0,3,0,10,5,9,0,0,20,6,18,18,2941,10,21,18,0,河南建业,重庆当代力帆
1,6,0,1,1,1,0,4,3,5,0,0,11,4,7,7,2941,2,8,7,0,河南建业,重庆当代力帆
1,4,0,1,2,2,0,6,2,4,0,0,9,2,11,11,2941,8,13,11,0,河南建业,重庆当代力帆
5,17,0,1,0,1,0,3,2,12,0,0,14,3,8,24,2943,4,13,8,0,广州富力,山东鲁能泰山
2,8,0,1,1,0,0,2,1,5,0,0,6,2,3,7,2943,2,7,4,0,广州富力,山东鲁能泰山
3,9,0,0,2,1,0,1,1,7,0,0,8,1,5,17,2943,2,6,4,0,广州富力,山东鲁能泰山
6,9,0,2,0,1,0,7,8,28,0,0,14,9,14,12,2946,11,19,11,0,广州恒大淘宝,长春亚泰
5,4,0,1,1,0,0,5,4,8,0,0,7,5,9,7,2946,5,9,9,0,广州恒大淘宝,长春亚泰
1,5,0,1,2,1,0,2,4,20,0,0,7,4,5,5,2946,6,10,2,0,广州恒大淘宝,长春亚泰
4,13,0,2,0,3,0,12,7,13,0,0,10,1,20,20,2947,6,15,27,0,山东鲁能泰山,江苏苏宁易购
1,6,0,2,1,2,0,6,3,5,0,0,6,0,9,12,2947,4,7,9,0,山东鲁能泰山,江苏苏宁易购
3,7,0,0,2,1,0,6,4,8,0,0,4,1,11,8,2947,2,8,18,0,山东鲁能泰山,江苏苏宁易购
0,8,0,4,0,2,0,7,10,25,0,0,10,3,18,16,2948,12,23,13,0,上海上港,天津亿利
0,3,0,2,1,1,0,2,5,17,0,0,7,3,9,6,2948,6,10,4,0,上海上港,天津亿利
0,5,0,2,2,1,0,5,5,8,0,0,3,0,9,10,2948,6,13,9,0,上海上港,天津亿利
3,6,0,2,0,4,0,5,14,15,0,0,14,5,20,19,2945,10,19,12,0,天津权健,贵州恒丰智诚
3,3,0,1,1,0,0,3,6,6,0,0,4,4,11,10,2945,4,8,6,0,天津权健,贵州恒丰智诚
0,3,0,1,2,4,0,2,8,9,0,0,10,1,9,9,2945,6,11,6,0,天津权健,贵州恒丰智诚
4,11,0,2,0,4,0,14,13,21,0,0,13,1,17,14,2949,10,12,14,0,河北华夏幸福,广州富力
3,4,0,0,1,3,0,7,3,8,0,0,7,1,9,6,2949,7,2,8,0,河北华夏幸福,广州富力
1,7,0,2,2,1,0,7,10,13,0,0,6,0,8,8,2949,3,10,6,0,河北华夏幸福,广州富力
2,13,0,1,0,1,0,8,9,8,0,0,15,6,12,12,2950,3,8,15,0,上海绿地申花,河南建业
1,9,0,0,1,0,0,6,7,1,0,0,7,6,3,3,2950,2,3,7,0,上海绿地申花,河南建业
1,4,0,1,2,1,0,2,2,7,0,0,8,0,9,9,2950,1,5,8,0,上海绿地申花,河南建业
4,11,0,2,0,1,0,7,12,18,0,0,14,3,8,11,2951,19,18,16,0,重庆当代力帆,辽宁沈阳开新
2,7,0,1,1,0,0,3,4,12,0,0,10,0,4,6,2951,11,8,9,0,重庆当代力帆,辽宁沈阳开新
2,4,0,1,2,1,0,4,8,6,0,0,4,3,4,5,2951,8,10,7,0,重庆当代力帆,辽宁沈阳开新
9,13,0,1,0,1,0,12,12,16,0,0,13,1,15,10,2952,9,16,31,0,北京中赫国安,延边富德
2,7,0,0,1,0,0,6,7,6,0,0,9,0,11,3,2952,6,10,14,0,北京中赫国安,延边富德
7,6,0,1,2,1,0,6,5,10,0,0,4,1,4,7,2952,3,6,17,0,北京中赫国安,延边富德
2,11,0,2,0,1,0,7,15,12,0,0,23,5,11,26,2954,5,15,12,0,天津亿利,长春亚泰
0,8,0,1,1,0,0,1,10,8,0,0,10,3,10,15,2954,0,9,4,0,天津亿利,长春亚泰
2,3,0,1,2,1,0,6,5,4,0,0,13,2,1,11,2954,5,6,8,0,天津亿利,长春亚泰
3,18,0,2,0,1,0,11,13,9,0,0,15,3,11,16,2953,12,18,11,0,广州富力,北京中赫国安
0,6,0,1,1,0,0,4,5,3,0,0,8,0,6,7,2953,8,8,8,0,广州富力,北京中赫国安
3,12,0,1,2,1,0,7,8,6,0,0,7,3,5,9,2953,4,10,3,0,广州富力,北京中赫国安
2,14,0,0,0,4,0,6,11,23,0,0,13,2,19,15,2955,11,11,27,0,天津权健,重庆当代力帆
2,9,0,0,1,1,0,5,7,5,0,0,7,1,6,6,2955,8,6,13,0,天津权健,重庆当代力帆
0,5,0,0,2,3,0,1,4,18,0,0,6,1,13,9,2955,3,5,14,0,天津权健,重庆当代力帆
10,21,0,2,0,1,0,6,6,8,0,0,22,0,21,12,2956,12,14,39,0,山东鲁能泰山,延边富德
5,11,0,2,1,0,0,4,2,7,0,0,14,0,8,5,2956,9,7,11,0,山东鲁能泰山,延边富德
5,10,0,0,2,1,0,2,4,1,0,0,8,0,13,7,2956,3,7,28,0,山东鲁能泰山,延边富德
4,15,0,2,0,2,0,17,14,17,0,0,18,2,19,21,2957,10,17,31,0,上海上港,上海绿地申花
2,6,0,2,1,0,0,8,8,6,0,0,9,0,7,12,2957,4,10,15,0,上海上港,上海绿地申花
2,9,0,0,2,2,0,9,6,11,0,0,9,2,12,9,2957,6,7,16,0,上海上港,上海绿地申花
1,14,0,1,0,2,0,13,9,19,0,0,8,2,23,19,2958,12,23,13,0,辽宁沈阳开新,河北华夏幸福
1,10,0,0,1,0,0,5,4,8,0,0,3,1,9,9,2958,9,12,7,0,辽宁沈阳开新,河北华夏幸福
0,4,0,1,2,2,0,8,5,11,0,0,5,1,14,10,2958,3,11,6,0,辽宁沈阳开新,河北华夏幸福
3,12,0,3,0,1,0,2,10,15,0,0,18,1,12,17,2959,16,18,20,0,江苏苏宁易购,广州恒大淘宝
1,3,0,1,1,0,0,1,6,10,0,0,10,1,7,8,2959,6,9,11,0,江苏苏宁易购,广州恒大淘宝
2,9,0,2,2,1,0,1,4,5,0,0,8,0,5,9,2959,10,9,9,0,江苏苏宁易购,广州恒大淘宝
0,9,1,1,0,2,0,8,2,20,0,0,18,3,14,9,2960,11,11,8,0,贵州恒丰智诚,河南建业
0,4,0,0,1,1,0,1,0,12,0,0,7,0,7,2,2960,4,5,8,0,贵州恒丰智诚,河南建业
0,5,1,1,2,1,0,7,2,8,0,0,11,3,7,7,2960,7,6,0,0,贵州恒丰智诚,河南建业
7,7,0,2,0,2,0,11,11,4,0,1,30,3,18,16,2961,4,24,40,0,北京中赫国安,上海上港
3,2,0,1,1,2,0,6,7,1,0,0,19,0,7,5,2961,4,15,21,0,北京中赫国安,上海上港
4,5,0,1,2,0,0,5,4,3,0,1,11,3,11,11,2961,0,9,19,0,北京中赫国安,上海上港
3,11,0,3,0,0,0,6,9,28,0,0,17,6,13,16,2962,8,17,14,0,重庆当代力帆,广州恒大淘宝
1,1,0,2,1,0,0,4,4,17,0,0,9,2,4,8,2962,6,7,8,0,重庆当代力帆,广州恒大淘宝
2,10,0,1,2,0,0,2,5,11,0,0,8,4,9,8,2962,2,10,6,0,重庆当代力帆,广州恒大淘宝
4,13,0,2,0,1,0,9,8,25,0,0,14,2,13,16,2963,12,17,19,0,延边富德,辽宁沈阳开新
1,6,0,0,1,0,0,5,4,11,0,0,10,1,5,6,2963,8,9,13,0,延边富德,辽宁沈阳开新
3,7,0,2,2,1,0,4,4,14,0,0,4,1,8,10,2963,4,8,6,0,延边富德,辽宁沈阳开新
3,16,0,3,0,3,0,14,10,11,0,0,14,2,16,17,2964,11,13,25,0,江苏苏宁易购,贵州恒丰智诚
3,7,0,2,1,2,0,6,3,5,0,0,4,0,7,10,2964,6,6,15,0,江苏苏宁易购,贵州恒丰智诚
0,9,0,1,2,1,0,8,7,6,0,0,10,2,9,7,2964,5,7,10,0,江苏苏宁易购,贵州恒丰智诚
4,5,0,3,0,1,0,7,5,30,0,0,12,9,14,20,2965,12,14,8,0,上海绿地申花,广州富力
2,2,0,3,1,1,0,4,3,10,0,0,8,1,7,12,2965,8,8,4,0,上海绿地申花,广州富力
2,3,0,0,2,0,0,3,2,20,0,0,4,8,7,8,2965,4,6,4,0,上海绿地申花,广州富力
3,6,0,3,0,1,0,4,7,21,0,0,21,5,22,16,2966,10,18,13,0,天津亿利,天津权健
2,3,0,1,1,1,0,3,4,11,0,0,16,2,10,7,2966,6,12,7,0,天津亿利,天津权健
1,3,0,2,2,0,0,1,3,10,0,0,5,3,12,9,2966,4,6,6,0,天津亿利,天津权健
3,14,0,2,0,4,0,9,9,18,0,0,16,3,32,20,2967,15,8,22,0,长春亚泰,河北华夏幸福
2,8,0,0,1,1,0,5,5,11,0,0,9,1,13,10,2967,6,5,7,0,长春亚泰,河北华夏幸福
1,6,0,2,2,3,0,4,4,7,0,0,7,2,19,10,2967,9,3,15,0,长春亚泰,河北华夏幸福
1,10,0,4,0,4,0,8,13,25,0,0,19,2,18,22,2968,13,12,7,0,河南建业,山东鲁能泰山
1,4,0,3,1,2,0,5,5,12,0,0,9,0,11,14,2968,8,7,5,0,河南建业,山东鲁能泰山
0,6,0,1,2,2,0,3,8,13,0,0,10,2,7,8,2968,5,5,2,0,河南建业,山东鲁能泰山
2,6,0,1,0,0,0,6,7,17,0,0,12,4,9,19,2973,5,14,26,0,广州恒大淘宝,延边富德
0,2,0,0,1,0,0,2,5,9,0,0,8,1,4,8,2973,3,9,12,0,广州恒大淘宝,延边富德
2,4,0,1,2,0,0,4,2,8,0,0,4,3,5,11,2973,2,5,14,0,广州恒大淘宝,延边富德
5,9,0,1,0,1,0,8,13,24,0,0,19,4,13,13,2970,8,17,20,0,辽宁沈阳开新,上海上港
2,5,0,0,1,0,0,5,6,17,0,0,9,1,7,3,2970,4,4,13,0,辽宁沈阳开新,上海上港
3,4,0,1,2,1,0,3,7,7,0,0,10,3,6,10,2970,4,13,7,0,辽宁沈阳开新,上海上港
3,10,1,3,0,3,0,13,9,11,0,0,16,0,14,20,2969,7,11,37,0,贵州恒丰智诚,长春亚泰
0,7,0,1,1,0,0,8,3,7,0,0,7,0,5,12,2969,2,5,12,0,贵州恒丰智诚,长春亚泰
3,3,1,2,2,3,0,5,6,4,0,0,9,0,9,8,2969,5,6,25,0,贵州恒丰智诚,长春亚泰
1,8,0,2,0,0,0,12,12,23,0,0,26,7,7,17,2971,6,20,13,0,天津权健,山东鲁能泰山
1,7,0,1,1,0,0,8,6,10,0,0,13,3,3,9,2971,3,12,7,0,天津权健,山东鲁能泰山
0,1,0,1,2,0,0,4,6,13,0,0,13,4,4,8,2971,3,8,6,0,天津权健,山东鲁能泰山
1,13,0,3,0,2,0,9,5,17,0,0,19,1,12,26,2974,13,17,17,0,河北华夏幸福,江苏苏宁易购
1,6,0,3,1,0,0,3,0,3,0,0,9,0,6,15,2974,6,9,11,0,河北华夏幸福,江苏苏宁易购
0,7,0,0,2,2,0,6,5,14,0,0,10,1,6,11,2974,7,8,6,0,河北华夏幸福,江苏苏宁易购
2,8,0,2,0,2,0,10,13,22,0,0,16,5,10,16,2975,6,15,8,0,上海绿地申花,天津亿利
1,4,0,0,1,0,0,9,8,7,0,0,8,2,4,8,2975,4,5,6,0,上海绿地申花,天津亿利
1,4,0,2,2,2,0,1,5,15,0,0,8,3,6,8,2975,2,10,2,0,上海绿地申花,天津亿利
5,20,0,2,0,2,0,11,12,18,0,0,16,1,16,14,2976,14,18,25,0,广州富力,河南建业
1,12,0,1,1,2,0,8,5,4,0,0,6,1,8,7,2976,8,9,19,0,广州富力,河南建业
4,8,0,1,2,0,0,3,7,14,0,0,10,0,8,7,2976,6,9,6,0,广州富力,河南建业
8,14,1,3,0,1,0,21,8,14,0,1,22,3,21,27,2972,8,17,19,0,北京中赫国安,重庆当代力帆
2,7,0,2,1,1,0,13,7,4,0,0,12,1,11,14,2972,3,5,13,0,北京中赫国安,重庆当代力帆
6,7,1,2,2,0,0,8,1,10,0,1,10,2,10,13,2972,5,12,6,0,北京中赫国安,重庆当代力帆
4,9,0,0,0,0,0,15,10,12,0,0,23,4,11,10,2977,13,17,29,0,山东鲁能泰山,辽宁沈阳开新
2,3,0,0,1,0,0,6,4,6,0,0,15,3,5,4,2977,6,6,15,0,山东鲁能泰山,辽宁沈阳开新
2,6,0,0,2,0,0,9,6,6,0,0,8,1,6,6,2977,7,11,14,0,山东鲁能泰山,辽宁沈阳开新
4,15,0,5,0,2,0,9,7,7,0,0,21,4,11,19,2978,4,20,27,0,延边富德,河南建业
2,8,0,0,1,0,0,5,1,4,0,0,10,2,4,9,2978,4,9,14,0,延边富德,河南建业
2,7,0,5,2,2,0,4,6,3,0,0,11,2,7,10,2978,0,11,13,0,延边富德,河南建业
0,12,0,3,0,3,0,15,15,9,0,0,22,1,15,16,2980,13,24,22,0,天津权健,河北华夏幸福
0,6,0,1,1,0,0,7,7,5,0,0,11,0,8,8,2980,9,8,12,0,天津权健,河北华夏幸福
0,6,0,2,2,3,0,8,8,4,0,0,11,1,7,8,2980,4,16,10,0,天津权健,河北华夏幸福
6,5,0,3,0,3,0,15,7,20,0,0,19,1,17,18,2981,12,22,31,0,长春亚泰,江苏苏宁易购
4,5,0,1,1,2,0,4,2,7,0,0,9,0,10,6,2981,8,11,16,0,长春亚泰,江苏苏宁易购
2,0,0,2,2,1,0,11,5,13,0,0,10,1,7,12,2981,4,11,15,0,长春亚泰,江苏苏宁易购
8,16,0,1,0,2,0,13,11,19,0,0,20,3,12,13,2979,12,13,34,0,上海上港,广州富力
4,7,0,1,1,0,0,5,6,12,0,0,7,3,4,5,2979,9,7,11,0,上海上港,广州富力
4,9,0,0,2,2,0,8,5,7,0,0,13,0,8,8,2979,3,6,23,0,上海上港,广州富力
1,3,0,2,0,0,0,7,9,18,0,0,16,2,16,16,2982,7,19,10,0,广州恒大淘宝,贵州恒丰智诚
1,2,0,1,1,0,0,2,5,11,0,0,8,1,8,4,2982,1,9,3,0,广州恒大淘宝,贵州恒丰智诚
0,1,0,1,2,0,0,5,4,7,0,0,8,1,8,12,2982,6,10,7,0,广州恒大淘宝,贵州恒丰智诚
0,9,1,5,0,2,0,6,14,22,0,0,23,3,27,20,2983,16,30,6,0,天津亿利,北京中赫国安
0,5,0,3,1,1,0,6,8,12,0,0,11,1,16,9,2983,6,11,2,0,天津亿利,北京中赫国安
0,4,1,2,2,1,0,0,6,10,0,0,12,2,11,11,2983,10,19,4,0,天津亿利,北京中赫国安
2,9,0,2,0,0,0,8,18,12,0,0,16,5,12,12,2984,11,15,22,0,重庆当代力帆,上海绿地申花
1,3,0,1,1,0,0,4,6,6,0,0,8,3,5,7,2984,5,7,12,0,重庆当代力帆,上海绿地申花
1,6,0,1,2,0,0,4,12,6,0,0,8,2,7,5,2984,6,8,10,0,重庆当代力帆,上海绿地申花
2,11,0,2,0,2,0,8,9,18,0,0,13,2,22,12,2985,13,17,32,0,长春亚泰,重庆当代力帆
0,7,0,0,1,0,0,6,5,6,0,0,6,1,8,3,2985,6,10,21,0,长春亚泰,重庆当代力帆
2,4,0,2,2,2,0,2,4,12,0,0,7,1,14,9,2985,7,7,11,0,长春亚泰,重庆当代力帆
2,6,0,4,0,0,0,13,9,12,0,0,21,3,17,18,2986,15,18,8,0,广州富力,天津亿利
0,3,0,2,1,0,0,8,4,6,0,0,9,1,10,6,2986,7,11,6,0,广州富力,天津亿利
2,3,0,2,2,0,0,5,5,6,0,0,12,2,7,12,2986,8,7,2,0,广州富力,天津亿利
0,15,0,2,0,4,0,6,8,18,0,0,16,1,13,15,2987,10,25,14,0,贵州恒丰智诚,山东鲁能泰山
0,7,0,1,1,3,0,2,7,13,0,0,9,1,8,3,2987,5,12,7,0,贵州恒丰智诚,山东鲁能泰山
0,8,0,1,2,1,0,4,1,5,0,0,7,0,5,12,2987,5,13,7,0,贵州恒丰智诚,山东鲁能泰山
1,19,0,3,0,3,0,5,14,19,0,1,16,2,16,19,2988,13,20,19,0,江苏苏宁易购,北京中赫国安
0,11,0,0,1,0,0,4,7,7,0,1,11,1,11,9,2988,6,14,10,0,江苏苏宁易购,北京中赫国安
1,8,0,3,2,3,0,1,7,12,0,0,5,1,5,10,2988,7,6,9,0,江苏苏宁易购,北京中赫国安
1,5,0,0,0,1,0,11,8,31,0,0,18,1,13,12,2989,9,16,9,0,河北华夏幸福,广州恒大淘宝
0,0,0,0,1,0,0,6,5,16,0,0,9,0,6,8,2989,7,7,7,0,河北华夏幸福,广州恒大淘宝
1,5,0,0,2,1,0,5,3,15,0,0,9,1,7,4,2989,2,9,2,0,河北华夏幸福,广州恒大淘宝
4,13,0,2,0,2,0,14,13,16,0,0,11,5,10,18,2990,16,15,15,0,上海绿地申花,延边富德
2,6,0,0,1,1,0,8,7,9,0,0,6,4,4,5,2990,6,9,8,0,上海绿地申花,延边富德
2,7,0,2,2,1,0,6,6,7,0,0,5,1,6,13,2990,10,6,7,0,上海绿地申花,延边富德
7,16,0,3,0,1,0,8,5,8,0,0,9,3,14,18,2991,10,15,22,0,天津权健,辽宁沈阳开新
5,6,0,2,1,0,0,3,4,2,0,0,6,2,7,8,2991,6,5,12,0,天津权健,辽宁沈阳开新
2,10,0,1,2,1,0,5,1,6,0,0,3,1,7,10,2991,4,10,10,0,天津权健,辽宁沈阳开新
3,13,0,3,0,4,0,9,10,20,0,0,17,3,18,18,2992,14,24,28,0,河南建业,上海上港
1,5,0,3,1,2,0,2,5,9,0,0,9,1,8,12,2992,9,13,14,0,河南建业,上海上港
2,8,0,0,2,2,0,7,5,11,0,0,8,2,10,6,2992,5,11,14,0,河南建业,上海上港
8,13,0,6,0,1,0,11,10,14,0,1,31,2,25,26,2993,11,23,31,0,北京中赫国安,长春亚泰
2,4,0,2,1,1,0,7,7,11,0,0,15,2,13,15,2993,4,9,14,0,北京中赫国安,长春亚泰
6,9,0,4,2,0,0,4,3,3,0,1,16,0,12,11,2993,7,14,17,0,北京中赫国安,长春亚泰
3,6,0,2,0,2,0,11,9,8,0,0,25,2,14,17,2994,13,15,17,0,广州恒大淘宝,天津权健
1,4,0,0,1,1,0,5,5,5,0,0,15,0,6,10,2994,7,6,4,0,广州恒大淘宝,天津权健
2,2,0,2,2,1,0,6,4,3,0,0,10,2,8,7,2994,6,9,13,0,广州恒大淘宝,天津权健
5,11,1,1,0,3,0,4,10,12,0,0,17,0,13,18,2995,15,19,21,0,上海上港,江苏苏宁易购
3,8,0,2,1,1,0,3,8,8,0,0,11,0,8,11,2995,7,10,6,0,上海上港,江苏苏宁易购
2,3,1,0,2,2,0,1,2,4,0,0,6,0,5,7,2995,8,9,15,0,上海上港,江苏苏宁易购
2,5,0,0,0,1,0,9,15,25,0,0,5,3,12,13,2996,9,14,17,0,辽宁沈阳开新,上海绿地申花
2,3,0,0,1,1,0,4,5,8,0,0,2,1,5,5,2996,4,7,14,0,辽宁沈阳开新,上海绿地申花
0,2,0,0,2,0,0,5,10,17,0,0,3,2,7,8,2996,5,7,3,0,辽宁沈阳开新,上海绿地申花
4,9,0,1,0,4,0,11,9,10,0,0,19,0,15,19,2997,8,14,22,0,天津亿利,河南建业
1,3,0,0,1,1,0,6,5,2,0,0,11,0,8,8,2997,2,4,15,0,天津亿利,河南建业
3,6,0,1,2,3,0,5,4,8,0,0,8,0,7,11,2997,6,10,7,0,天津亿利,河南建业
1,13,1,2,0,1,0,5,7,32,0,0,16,3,11,15,2998,16,13,11,0,延边富德,贵州恒丰智诚
1,6,1,2,1,0,0,3,4,19,0,0,5,1,2,12,2998,9,3,5,0,延边富德,贵州恒丰智诚
0,7,0,0,2,1,0,2,3,13,0,0,11,2,9,3,2998,7,10,6,0,延边富德,贵州恒丰智诚
2,13,0,4,0,4,0,6,8,17,0,0,18,3,12,14,2999,6,16,21,0,重庆当代力帆,广州富力
1,4,0,1,1,0,0,3,5,12,0,0,5,2,3,7,2999,4,6,8,0,重庆当代力帆,广州富力
1,9,0,3,2,4,0,3,3,5,0,0,13,1,9,7,2999,2,10,13,0,重庆当代力帆,广州富力
3,16,0,3,0,3,0,14,11,17,0,0,12,4,21,10,3000,12,19,16,0,山东鲁能泰山,河北华夏幸福
0,11,0,2,1,1,0,9,6,10,0,0,4,0,7,3,3000,6,9,12,0,山东鲁能泰山,河北华夏幸福
3,5,0,1,2,2,0,5,5,7,0,0,8,4,14,7,3000,6,10,4,0,山东鲁能泰山,河北华夏幸福
